audit_id,date,store_id,store_name,store_format,city,region,auditor_name,brand,product_name,sku_code,variant,size_ml,shelf_facings,total_shelf_facings,share_of_shelf_pct,shelf_level,shelf_position,in_stock,out_of_stock_duration_days,shelf_price,promo_price,on_promotion,display_type,planogram_compliant,competitor_brand,notes
AUD00001,2024-02-25,STR8262,Metro Cash & Carry,Wholesale,Surat,West,Anita Patel,Garnier,Garnier Strengthening Shampoo,GAR340STR38,Strengthening,340,2,37,5.41,Eye Level,Left,True,0,336.82,,False,Free Standing Display,True,Head & Shoulders,
AUD00002,2024-07-07,STR8992,Wellness Forever,Pharmacy,Ahmedabad,West,Rahul Verma,Pantene,Pantene Anti-Dandruff Shampoo,PAN500ANT63,Anti-Dandruff,500,3,42,7.14,Bottom,Center-Left,True,0,414.76,,False,Standard Shelf,True,Sunsilk,
AUD00003,2024-02-04,STR2441,BigBazaar,Hypermarket,Mumbai,West,Neha Gupta,Herbal Essences,Herbal Essences Color Protect Shampoo,HER200COL22,Color Protect,200,3,58,5.17,Mid,Center-Right,True,0,493.43,404.27,True,Gondola End,True,Dove,
AUD00004,2024-07-30,STR8413,Booker,Wholesale,Mumbai,West,Anita Patel,Herbal Essences,Herbal Essences Repair & Care Shampoo,HER400REP10,Repair & Care,400,2,51,3.92,Bottom,Left,True,0,184.59,,False,Clip Strip,False,Sunsilk,
AUD00005,2024-06-09,STR5807,D-Mart,Hypermarket,Mumbai,West,Amit Singh,TRESemmé,TRESemmé Strengthening Shampoo,TRE1000STR32,Strengthening,1000,5,53,9.43,Top,Left,True,0,359.63,298.74,True,Standard Shelf,True,Clinic Plus,
AUD00006,2024-01-24,STR4798,More Supermarket,Supermarket,Mumbai,West,Divya Nair,Head & Shoulders,Head & Shoulders Charcoal Shampoo,HEA500CHA95,Charcoal,500,2,34,5.88,Bottom,Center-Right,True,0,190.24,173.88,True,Free Standing Display,True,Garnier,
AUD00007,2024-12-17,STR1856,Booker,Wholesale,Ahmedabad,West,Anita Patel,Sunsilk,Sunsilk Smoothing Shampoo,SUN200SMO48,Smoothing,200,6,50,12.0,Eye Level,Right,True,0,613.04,,False,Standard Shelf,True,Pantene,
AUD00008,2024-12-26,STR2999,7-Eleven,Convenience,Mumbai,West,Suresh Kumar,Garnier,Garnier Color Protect Shampoo,GAR340COL29,Color Protect,340,3,40,7.5,Top,Center,True,0,453.69,,False,Gondola End,True,Pantene,
AUD00009,2024-07-20,STR3488,WholesaleMart,Wholesale,Hyderabad,South,Divya Nair,Sunsilk,Sunsilk Anti-Dandruff Shampoo,SUN500ANT94,Anti-Dandruff,500,2,48,4.17,Top,Center-Right,True,0,139.79,,False,Free Standing Display,False,Rejoice,
AUD00010,2024-08-09,STR7409,WholesaleMart,Wholesale,Hyderabad,South,Priya Sharma,TRESemmé,TRESemmé Moisturizing Shampoo,TRE340MOI39,Moisturizing,340,8,35,22.86,Bottom,Center,True,0,395.0,,False,Clip Strip,True,Rejoice,
AUD00011,2024-03-02,STR5252,Reliance Fresh Extra,Hypermarket,Hyderabad,South,Rahul Verma,Sunsilk,Sunsilk Strengthening Shampoo,SUN340STR43,Strengthening,340,1,54,1.85,Mid,Center,True,0,379.46,353.8,True,Free Standing Display,True,Garnier,
AUD00012,2024-03-27,STR8919,WholesaleMart,Wholesale,Surat,West,Divya Nair,Pantene,Pantene Color Protect Shampoo,PAN400COL93,Color Protect,400,4,37,10.81,Mid,Right,False,4,602.82,,False,Clip Strip,False,Herbal Essences,
AUD00013,2024-07-15,STR6080,Nature's Basket,Supermarket,Bangalore,South,Rahul Verma,Garnier,Garnier Strengthening Shampoo,GAR500STR77,Strengthening,500,6,23,26.09,Bottom,Right,False,9,131.87,,False,Free Standing Display,True,Dove,
AUD00014,2024-05-06,STR9454,7-Eleven,Convenience,Kolkata,East,Priya Sharma,Head & Shoulders,Head & Shoulders Repair & Care Shampoo,HEA400REP76,Repair & Care,400,8,35,22.86,Top,Right,True,0,357.18,316.62,True,Standard Shelf,False,Clinic Plus,
AUD00015,2024-06-18,STR4077,Daily Needs,Convenience,Hyderabad,South,Rahul Verma,Rejoice,Rejoice Charcoal Shampoo,REJ340CHA59,Charcoal,340,6,23,26.09,Mid,Right,True,0,108.9,,False,Gondola End,False,Head & Shoulders,
AUD00016,2024-04-02,STR9710,Costco India,Wholesale,Surat,West,Neha Gupta,Pantene,Pantene Keratin Shampoo,PAN1000KER57,Keratin,1000,2,25,8.0,Bottom,Left,True,0,582.65,515.75,True,Clip Strip,True,L'Oréal,
AUD00017,2024-11-30,STR5292,QuickMart,Convenience,Bangalore,South,Suresh Kumar,Sunsilk,Sunsilk Volumizing Shampoo,SUN340VOL98,Volumizing,340,7,42,16.67,Top,Center,True,0,427.69,,False,Standard Shelf,True,L'Oréal,
AUD00018,2024-12-01,STR1957,HyperCity,Hypermarket,Delhi,North,Neha Gupta,Dove,Dove Keratin Shampoo,DOV200KER81,Keratin,200,8,24,33.33,Eye Level,Center-Left,True,0,333.92,313.96,True,Standard Shelf,True,Pantene,
AUD00019,2024-09-11,STR4375,Wellness Forever,Pharmacy,Kolkata,East,Rahul Verma,Garnier,Garnier Volumizing Shampoo,GAR340VOL51,Volumizing,340,4,36,11.11,Mid,Center-Right,True,0,331.89,296.28,True,Standard Shelf,True,Herbal Essences,
AUD00020,2024-02-05,STR5404,Nature's Basket,Supermarket,Jaipur,North,Anita Patel,Rejoice,Rejoice Keratin Shampoo,REJ700KER33,Keratin,700,2,44,4.55,Top,Right,True,0,600.2,,False,Free Standing Display,True,Clinic Plus,
AUD00021,2024-05-20,STR4447,Costco India,Wholesale,Kolkata,East,Rahul Verma,Rejoice,Rejoice Repair & Care Shampoo,REJ400REP75,Repair & Care,400,8,42,19.05,Bottom,Center-Left,True,0,207.93,,False,End Cap,False,Sunsilk,
AUD00022,2024-01-25,STR9146,Costco India,Wholesale,Jaipur,North,Divya Nair,Clinic Plus,Clinic Plus Repair & Care Shampoo,CLI1000REP63,Repair & Care,1000,5,30,16.67,Bottom,Center-Right,True,0,332.74,289.28,True,Gondola End,True,Garnier,
AUD00023,2024-02-03,STR3105,Nature's Basket,Supermarket,Mumbai,West,Vikram Rao,Head & Shoulders,Head & Shoulders Color Protect Shampoo,HEA400COL94,Color Protect,400,4,37,10.81,Bottom,Right,True,0,615.0,,False,Clip Strip,True,Dove,
AUD00024,2024-12-22,STR1812,QuickMart,Convenience,Jaipur,North,Rahul Verma,Herbal Essences,Herbal Essences Charcoal Shampoo,HER340CHA12,Charcoal,340,8,35,22.86,Mid,Center-Left,True,0,437.71,,False,Standard Shelf,False,Pantene,
AUD00025,2024-08-18,STR5706,Reliance Fresh Extra,Hypermarket,Mumbai,West,Rahul Verma,Pantene,Pantene Color Protect Shampoo,PAN1000COL11,Color Protect,1000,4,39,10.26,Eye Level,Center,True,0,148.11,,False,End Cap,False,Garnier,
AUD00026,2024-10-10,STR2960,Nature's Basket,Supermarket,Delhi,North,Suresh Kumar,Rejoice,Rejoice Color Protect Shampoo,REJ1000COL68,Color Protect,1000,3,33,9.09,Eye Level,Center-Right,True,0,134.09,120.04,True,End Cap,True,Pantene,
AUD00027,2024-10-02,STR3638,D-Mart,Hypermarket,Jaipur,North,Neha Gupta,Rejoice,Rejoice Repair & Care Shampoo,REJ200REP96,Repair & Care,200,4,52,7.69,Mid,Left,True,0,552.98,,False,End Cap,True,Head & Shoulders,
AUD00028,2024-03-05,STR3687,In & Out,Convenience,Hyderabad,South,Divya Nair,Herbal Essences,Herbal Essences Strengthening Shampoo,HER500STR20,Strengthening,500,1,26,3.85,Mid,Center-Left,True,0,129.09,,False,Standard Shelf,True,TRESemmé,
AUD00029,2024-05-12,STR2456,Booker,Wholesale,Bangalore,South,Vikram Rao,L'Oréal,L'Oréal Argan Oil Shampoo,L'O200ARG97,Argan Oil,200,4,24,16.67,Mid,Center,True,0,341.12,,False,Standard Shelf,True,Herbal Essences,
AUD00030,2024-07-15,STR1058,In & Out,Convenience,Bangalore,South,Amit Singh,Sunsilk,Sunsilk Repair & Care Shampoo,SUN500REP43,Repair & Care,500,2,58,3.45,Mid,Right,True,0,452.31,390.96,True,Standard Shelf,True,L'Oréal,
AUD00031,2024-03-10,STR3026,Frank Ross,Pharmacy,Chennai,South,Anita Patel,L'Oréal,L'Oréal Moisturizing Shampoo,L'O200MOI10,Moisturizing,200,8,55,14.55,Top,Left,True,0,580.01,,False,Clip Strip,True,TRESemmé,
AUD00032,2024-11-18,STR5315,BigBazaar,Hypermarket,Jaipur,North,Suresh Kumar,Pantene,Pantene Smoothing Shampoo,PAN340SMO28,Smoothing,340,8,20,40.0,Mid,Center-Right,True,0,194.65,184.86,True,Gondola End,False,Garnier,
AUD00033,2024-02-23,STR9018,Costco India,Wholesale,Chennai,South,Anita Patel,Rejoice,Rejoice Charcoal Shampoo,REJ700CHA45,Charcoal,700,7,56,12.5,Bottom,Center-Left,True,0,560.7,,False,End Cap,True,Head & Shoulders,
AUD00034,2024-02-26,STR2153,MedPlus,Pharmacy,Surat,West,Divya Nair,Head & Shoulders,Head & Shoulders Anti-Dandruff Shampoo,HEA1000ANT58,Anti-Dandruff,1000,7,36,19.44,Top,Center-Left,True,0,567.71,,False,Free Standing Display,True,Clinic Plus,
AUD00035,2024-09-01,STR1703,Spencer's,Supermarket,Jaipur,North,Anita Patel,Dove,Dove Color Protect Shampoo,DOV700COL46,Color Protect,700,5,47,10.64,Bottom,Right,True,0,357.21,297.36,True,Standard Shelf,True,TRESemmé,
AUD00036,2024-09-06,STR7407,Nature's Basket,Supermarket,Bangalore,South,Divya Nair,TRESemmé,TRESemmé Strengthening Shampoo,TRE1000STR30,Strengthening,1000,6,23,26.09,Top,Center,True,0,242.27,,False,Standard Shelf,False,L'Oréal,
AUD00037,2024-03-07,STR2642,Spencer's,Supermarket,Pune,West,Suresh Kumar,Rejoice,Rejoice Argan Oil Shampoo,REJ340ARG62,Argan Oil,340,1,58,1.72,Bottom,Right,True,0,495.67,430.77,True,End Cap,True,Pantene,
AUD00038,2024-04-07,STR1090,Daily Needs,Convenience,Kolkata,East,Vikram Rao,Garnier,Garnier Anti-Dandruff Shampoo,GAR400ANT20,Anti-Dandruff,400,4,44,9.09,Bottom,Center,True,0,247.91,,False,End Cap,True,Pantene,
AUD00039,2024-01-18,STR8945,WholesaleMart,Wholesale,Delhi,North,Amit Singh,Clinic Plus,Clinic Plus Argan Oil Shampoo,CLI200ARG79,Argan Oil,200,1,27,3.7,Mid,Left,True,0,553.25,456.09,True,Gondola End,True,Pantene,
AUD00040,2024-05-18,STR1032,In & Out,Convenience,Surat,West,Neha Gupta,L'Oréal,L'Oréal Color Protect Shampoo,L'O500COL55,Color Protect,500,3,27,11.11,Bottom,Right,True,0,484.5,432.78,True,Standard Shelf,True,Herbal Essences,
AUD00041,2024-06-12,STR8050,Nature's Basket,Supermarket,Pune,West,Rahul Verma,Dove,Dove Moisturizing Shampoo,DOV400MOI75,Moisturizing,400,7,30,23.33,Bottom,Center,True,0,502.18,,False,Standard Shelf,True,Herbal Essences,
AUD00042,2024-09-16,STR6174,In & Out,Convenience,Pune,West,Suresh Kumar,Garnier,Garnier Charcoal Shampoo,GAR700CHA47,Charcoal,700,2,36,5.56,Mid,Left,True,0,512.5,,False,Standard Shelf,True,Rejoice,
AUD00043,2024-10-31,STR8890,Booker,Wholesale,Delhi,North,Amit Singh,Rejoice,Rejoice Strengthening Shampoo,REJ500STR72,Strengthening,500,5,46,10.87,Bottom,Center-Right,True,0,179.86,163.96,True,Clip Strip,False,L'Oréal,
AUD00044,2024-05-14,STR9080,BigBazaar,Hypermarket,Hyderabad,South,Amit Singh,Clinic Plus,Clinic Plus Color Protect Shampoo,CLI200COL23,Color Protect,200,2,24,8.33,Mid,Right,True,0,239.35,,False,Clip Strip,False,Rejoice,
AUD00045,2024-08-20,STR2402,D-Mart,Hypermarket,Delhi,North,Neha Gupta,TRESemmé,TRESemmé Smoothing Shampoo,TRE1000SMO95,Smoothing,1000,4,28,14.29,Bottom,Center,True,0,493.84,,False,Standard Shelf,True,Garnier,
AUD00046,2024-08-20,STR3060,Booker,Wholesale,Hyderabad,South,Vikram Rao,L'Oréal,L'Oréal Moisturizing Shampoo,L'O1000MOI54,Moisturizing,1000,4,21,19.05,Bottom,Center-Left,True,0,442.52,,False,End Cap,True,Pantene,
AUD00047,2024-03-23,STR3735,Frank Ross,Pharmacy,Ahmedabad,West,Priya Sharma,Herbal Essences,Herbal Essences Smoothing Shampoo,HER200SMO62,Smoothing,200,4,24,16.67,Mid,Center-Left,True,0,346.94,,False,Standard Shelf,True,Garnier,
AUD00048,2024-03-12,STR1367,Frank Ross,Pharmacy,Mumbai,West,Priya Sharma,Garnier,Garnier Volumizing Shampoo,GAR700VOL10,Volumizing,700,6,51,11.76,Eye Level,Center-Left,True,0,492.72,,False,End Cap,True,Pantene,
AUD00049,2024-05-06,STR9329,BigBazaar,Hypermarket,Chennai,South,Amit Singh,TRESemmé,TRESemmé Color Protect Shampoo,TRE500COL27,Color Protect,500,6,50,12.0,Bottom,Left,True,0,582.88,,False,End Cap,True,Herbal Essences,
AUD00050,2024-10-05,STR2350,Reliance Fresh,Supermarket,Pune,West,Amit Singh,Clinic Plus,Clinic Plus Argan Oil Shampoo,CLI700ARG66,Argan Oil,700,5,22,22.73,Eye Level,Right,True,0,454.01,,False,Standard Shelf,True,Dove,
AUD00051,2024-09-02,STR3910,Metro Cash & Carry,Wholesale,Pune,West,Vikram Rao,Sunsilk,Sunsilk Repair & Care Shampoo,SUN200REP50,Repair & Care,200,8,55,14.55,Eye Level,Center,True,0,241.02,,False,Clip Strip,True,Head & Shoulders,
AUD00052,2024-06-15,STR2756,Nature's Basket,Supermarket,Surat,West,Priya Sharma,Clinic Plus,Clinic Plus Strengthening Shampoo,CLI500STR70,Strengthening,500,5,32,15.62,Eye Level,Center-Right,True,0,613.81,,False,Clip Strip,False,L'Oréal,
AUD00053,2024-05-28,STR1180,Daily Needs,Convenience,Jaipur,North,Anita Patel,Head & Shoulders,Head & Shoulders Keratin Shampoo,HEA200KER14,Keratin,200,8,44,18.18,Top,Left,True,0,535.46,,False,Clip Strip,True,TRESemmé,
AUD00054,2024-11-13,STR7956,Reliance Fresh Extra,Hypermarket,Jaipur,North,Divya Nair,Herbal Essences,Herbal Essences Smoothing Shampoo,HER500SMO21,Smoothing,500,4,58,6.9,Bottom,Right,True,0,485.64,,False,Clip Strip,True,TRESemmé,
AUD00055,2024-08-08,STR7568,Nature's Basket,Supermarket,Delhi,North,Neha Gupta,Head & Shoulders,Head & Shoulders Moisturizing Shampoo,HEA700MOI79,Moisturizing,700,5,39,12.82,Bottom,Center,False,12,645.26,,False,End Cap,True,TRESemmé,
AUD00056,2024-02-14,STR6344,Metro Cash & Carry,Wholesale,Mumbai,West,Amit Singh,Herbal Essences,Herbal Essences Smoothing Shampoo,HER1000SMO30,Smoothing,1000,5,33,15.15,Eye Level,Right,True,0,335.36,285.35,True,End Cap,False,Rejoice,
AUD00057,2024-05-28,STR5459,Reliance Fresh,Supermarket,Jaipur,North,Rahul Verma,Garnier,Garnier Strengthening Shampoo,GAR340STR22,Strengthening,340,4,28,14.29,Mid,Center,True,0,255.27,,False,Free Standing Display,True,Rejoice,
AUD00058,2024-09-05,STR9742,MedPlus,Pharmacy,Surat,West,Suresh Kumar,L'Oréal,L'Oréal Smoothing Shampoo,L'O700SMO67,Smoothing,700,1,27,3.7,Eye Level,Right,False,2,589.77,524.55,True,End Cap,True,Dove,
AUD00059,2024-09-27,STR2794,Nature's Basket,Supermarket,Kolkata,East,Neha Gupta,Clinic Plus,Clinic Plus Anti-Dandruff Shampoo,CLI340ANT66,Anti-Dandruff,340,4,33,12.12,Top,Right,True,0,494.74,,False,Standard Shelf,True,TRESemmé,
AUD00060,2024-04-12,STR5342,More Supermarket,Supermarket,Surat,West,Vikram Rao,Clinic Plus,Clinic Plus Volumizing Shampoo,CLI340VOL49,Volumizing,340,7,24,29.17,Mid,Center,False,3,593.82,,False,Standard Shelf,True,Dove,
AUD00061,2024-06-23,STR7086,More Supermarket,Supermarket,Chennai,South,Suresh Kumar,Clinic Plus,Clinic Plus Moisturizing Shampoo,CLI700MOI47,Moisturizing,700,4,26,15.38,Mid,Center,False,3,512.15,,False,End Cap,True,Pantene,
AUD00062,2024-09-28,STR3388,MedPlus,Pharmacy,Jaipur,North,Anita Patel,Garnier,Garnier Smoothing Shampoo,GAR340SMO77,Smoothing,340,8,35,22.86,Mid,Center-Right,False,11,117.89,103.88,True,Standard Shelf,True,Pantene,
AUD00063,2024-02-11,STR7850,QuickMart,Convenience,Surat,West,Neha Gupta,Head & Shoulders,Head & Shoulders Smoothing Shampoo,HEA200SMO41,Smoothing,200,5,50,10.0,Mid,Center,True,0,298.48,,False,Clip Strip,True,L'Oréal,
AUD00064,2024-04-11,STR1798,Reliance Fresh Extra,Hypermarket,Bangalore,South,Neha Gupta,Clinic Plus,Clinic Plus Smoothing Shampoo,CLI1000SMO54,Smoothing,1000,4,38,10.53,Bottom,Left,True,0,242.06,,False,Free Standing Display,True,Garnier,
AUD00065,2024-06-09,STR9267,Metro Cash & Carry,Wholesale,Delhi,North,Vikram Rao,Dove,Dove Repair & Care Shampoo,DOV400REP25,Repair & Care,400,4,32,12.5,Eye Level,Center-Left,True,0,167.4,,False,Gondola End,False,Pantene,
AUD00066,2024-04-24,STR4300,Booker,Wholesale,Pune,West,Amit Singh,Herbal Essences,Herbal Essences Volumizing Shampoo,HER700VOL28,Volumizing,700,4,29,13.79,Mid,Left,True,0,607.85,,False,Standard Shelf,False,L'Oréal,
AUD00067,2024-07-13,STR7594,Wellness Forever,Pharmacy,Jaipur,North,Vikram Rao,Sunsilk,Sunsilk Strengthening Shampoo,SUN1000STR74,Strengthening,1000,1,44,2.27,Eye Level,Left,False,10,442.53,,False,Standard Shelf,True,Garnier,
AUD00068,2024-11-03,STR6502,Wellness Forever,Pharmacy,Chennai,South,Amit Singh,Clinic Plus,Clinic Plus Keratin Shampoo,CLI340KER63,Keratin,340,4,48,8.33,Eye Level,Right,True,0,554.09,,False,Gondola End,True,Garnier,
AUD00069,2024-02-13,STR2298,HyperCity,Hypermarket,Ahmedabad,West,Neha Gupta,Dove,Dove Strengthening Shampoo,DOV1000STR83,Strengthening,1000,2,55,3.64,Bottom,Right,True,0,205.56,173.11,True,Standard Shelf,True,Sunsilk,
AUD00070,2024-05-11,STR9614,Metro Cash & Carry,Wholesale,Bangalore,South,Priya Sharma,Clinic Plus,Clinic Plus Anti-Dandruff Shampoo,CLI500ANT53,Anti-Dandruff,500,3,38,7.89,Bottom,Center,True,0,315.62,,False,Standard Shelf,False,Head & Shoulders,
AUD00071,2024-04-08,STR4339,WholesaleMart,Wholesale,Ahmedabad,West,Rahul Verma,Clinic Plus,Clinic Plus Charcoal Shampoo,CLI200CHA73,Charcoal,200,8,56,14.29,Eye Level,Center-Left,False,9,364.47,,False,Standard Shelf,False,Rejoice,
AUD00072,2024-01-28,STR3011,More Supermarket,Supermarket,Hyderabad,South,Neha Gupta,Garnier,Garnier Strengthening Shampoo,GAR700STR52,Strengthening,700,7,58,12.07,Bottom,Right,True,0,389.6,,False,Standard Shelf,True,TRESemmé,
AUD00073,2024-09-17,STR9515,Wellness Forever,Pharmacy,Kolkata,East,Anita Patel,Clinic Plus,Clinic Plus Smoothing Shampoo,CLI700SMO86,Smoothing,700,6,41,14.63,Mid,Center-Right,True,0,499.38,,False,Standard Shelf,True,Dove,
AUD00074,2024-08-10,STR1232,Apollo Pharmacy,Pharmacy,Kolkata,East,Anita Patel,Dove,Dove Moisturizing Shampoo,DOV200MOI30,Moisturizing,200,5,57,8.77,Eye Level,Left,True,0,574.98,,False,Gondola End,True,Head & Shoulders,
AUD00075,2024-12-20,STR1410,Nature's Basket,Supermarket,Jaipur,North,Suresh Kumar,Pantene,Pantene Volumizing Shampoo,PAN1000VOL28,Volumizing,1000,5,25,20.0,Eye Level,Center,True,0,322.7,,False,Clip Strip,True,Dove,
AUD00076,2024-09-10,STR1033,Frank Ross,Pharmacy,Pune,West,Amit Singh,Sunsilk,Sunsilk Volumizing Shampoo,SUN500VOL58,Volumizing,500,3,46,6.52,Mid,Center-Right,True,0,519.05,,False,Gondola End,True,Clinic Plus,
AUD00077,2024-05-20,STR6968,D-Mart,Hypermarket,Hyderabad,South,Vikram Rao,Garnier,Garnier Smoothing Shampoo,GAR1000SMO96,Smoothing,1000,5,35,14.29,Bottom,Center,False,9,635.48,,False,Standard Shelf,True,Sunsilk,
AUD00078,2024-04-27,STR1642,Wellness Forever,Pharmacy,Ahmedabad,West,Rahul Verma,Dove,Dove Argan Oil Shampoo,DOV1000ARG78,Argan Oil,1000,5,54,9.26,Mid,Center-Right,True,0,593.82,,False,End Cap,True,Clinic Plus,
AUD00079,2024-03-22,STR4055,More Supermarket,Supermarket,Pune,West,Rahul Verma,Dove,Dove Keratin Shampoo,DOV200KER45,Keratin,200,6,46,13.04,Mid,Center-Left,True,0,380.47,,False,Free Standing Display,False,Garnier,
AUD00080,2024-06-22,STR7935,7-Eleven,Convenience,Delhi,North,Amit Singh,Garnier,Garnier Keratin Shampoo,GAR700KER70,Keratin,700,1,54,1.85,Bottom,Center,True,0,528.08,437.35,True,Standard Shelf,True,Dove,
AUD00081,2024-08-04,STR7777,HyperCity,Hypermarket,Jaipur,North,Priya Sharma,Clinic Plus,Clinic Plus Keratin Shampoo,CLI340KER11,Keratin,340,4,39,10.26,Mid,Right,True,0,432.9,399.08,True,Standard Shelf,True,Pantene,
AUD00082,2024-04-23,STR5650,Booker,Wholesale,Ahmedabad,West,Neha Gupta,L'Oréal,L'Oréal Argan Oil Shampoo,L'O700ARG52,Argan Oil,700,6,42,14.29,Eye Level,Center,True,0,423.89,,False,Standard Shelf,True,Head & Shoulders,
AUD00083,2024-07-20,STR8657,Reliance Fresh,Supermarket,Mumbai,West,Neha Gupta,Rejoice,Rejoice Keratin Shampoo,REJ200KER42,Keratin,200,2,20,10.0,Eye Level,Center-Right,True,0,256.45,,False,Gondola End,False,Sunsilk,
AUD00084,2024-07-24,STR5683,Wellness Forever,Pharmacy,Surat,West,Amit Singh,Clinic Plus,Clinic Plus Strengthening Shampoo,CLI1000STR98,Strengthening,1000,5,60,8.33,Top,Right,True,0,371.74,324.83,True,Clip Strip,True,L'Oréal,
AUD00085,2024-05-17,STR9963,D-Mart,Hypermarket,Chennai,South,Anita Patel,Clinic Plus,Clinic Plus Color Protect Shampoo,CLI700COL65,Color Protect,700,3,40,7.5,Mid,Center-Right,True,0,246.73,,False,End Cap,True,Sunsilk,
AUD00086,2024-05-07,STR8594,In & Out,Convenience,Surat,West,Priya Sharma,L'Oréal,L'Oréal Volumizing Shampoo,L'O500VOL46,Volumizing,500,4,37,10.81,Mid,Center-Right,True,0,481.86,,False,Standard Shelf,True,Sunsilk,
AUD00087,2024-08-12,STR5189,Reliance Fresh Extra,Hypermarket,Hyderabad,South,Neha Gupta,Head & Shoulders,Head & Shoulders Volumizing Shampoo,HEA500VOL26,Volumizing,500,8,30,26.67,Eye Level,Center-Right,False,8,567.48,,False,End Cap,True,L'Oréal,
AUD00088,2024-12-09,STR8654,HyperCity,Hypermarket,Surat,West,Suresh Kumar,Garnier,Garnier Argan Oil Shampoo,GAR200ARG73,Argan Oil,200,6,42,14.29,Top,Left,True,0,233.47,,False,Gondola End,True,Head & Shoulders,
AUD00089,2024-11-26,STR6562,HyperCity,Hypermarket,Jaipur,North,Rahul Verma,L'Oréal,L'Oréal Color Protect Shampoo,L'O500COL44,Color Protect,500,4,37,10.81,Eye Level,Center-Left,True,0,144.83,,False,End Cap,False,Dove,
AUD00090,2024-11-19,STR6163,Costco India,Wholesale,Ahmedabad,West,Vikram Rao,Head & Shoulders,Head & Shoulders Smoothing Shampoo,HEA500SMO11,Smoothing,500,2,46,4.35,Top,Center,True,0,105.93,,False,Free Standing Display,False,Dove,
AUD00091,2024-05-03,STR5709,Reliance Fresh,Supermarket,Hyderabad,South,Priya Sharma,Head & Shoulders,Head & Shoulders Argan Oil Shampoo,HEA500ARG78,Argan Oil,500,4,58,6.9,Top,Right,True,0,605.87,523.85,True,Free Standing Display,False,Dove,
AUD00092,2024-12-14,STR4451,Daily Needs,Convenience,Mumbai,West,Neha Gupta,TRESemmé,TRESemmé Volumizing Shampoo,TRE700VOL48,Volumizing,700,7,45,15.56,Top,Right,True,0,177.33,,False,Clip Strip,True,Pantene,
AUD00093,2024-07-13,STR6884,Spencer's,Supermarket,Pune,West,Rahul Verma,TRESemmé,TRESemmé Keratin Shampoo,TRE200KER51,Keratin,200,6,53,11.32,Bottom,Center,True,0,305.06,,False,Gondola End,True,Pantene,
AUD00094,2024-08-02,STR4576,Apollo Pharmacy,Pharmacy,Hyderabad,South,Anita Patel,Herbal Essences,Herbal Essences Volumizing Shampoo,HER200VOL34,Volumizing,200,8,29,27.59,Bottom,Center-Right,True,0,606.39,553.88,True,Standard Shelf,True,Head & Shoulders,
AUD00095,2024-04-06,STR3656,Metro Cash & Carry,Wholesale,Pune,West,Amit Singh,Garnier,Garnier Charcoal Shampoo,GAR340CHA96,Charcoal,340,1,33,3.03,Bottom,Center-Left,True,0,264.96,,False,Free Standing Display,True,Rejoice,
AUD00096,2024-11-07,STR1464,More Supermarket,Supermarket,Surat,West,Anita Patel,Herbal Essences,Herbal Essences Volumizing Shampoo,HER1000VOL77,Volumizing,1000,1,22,4.55,Eye Level,Center-Right,True,0,446.49,379.41,True,Clip Strip,True,L'Oréal,
AUD00097,2024-02-20,STR7137,Frank Ross,Pharmacy,Surat,West,Priya Sharma,TRESemmé,TRESemmé Strengthening Shampoo,TRE700STR49,Strengthening,700,1,43,2.33,Bottom,Center,True,0,451.96,,False,Standard Shelf,False,Pantene,
AUD00098,2024-10-20,STR6856,Reliance Fresh,Supermarket,Hyderabad,South,Anita Patel,TRESemmé,TRESemmé Volumizing Shampoo,TRE400VOL62,Volumizing,400,6,38,15.79,Bottom,Center-Right,True,0,178.29,,False,Standard Shelf,True,Garnier,
AUD00099,2024-01-17,STR4418,HyperCity,Hypermarket,Bangalore,South,Suresh Kumar,TRESemmé,TRESemmé Anti-Dandruff Shampoo,TRE400ANT95,Anti-Dandruff,400,3,37,8.11,Mid,Right,True,0,324.39,,False,Standard Shelf,False,L'Oréal,
AUD00100,2024-08-07,STR8889,Frank Ross,Pharmacy,Mumbai,West,Divya Nair,TRESemmé,TRESemmé Repair & Care Shampoo,TRE400REP65,Repair & Care,400,1,48,2.08,Top,Center-Right,True,0,539.13,,False,Standard Shelf,True,Clinic Plus,
AUD00101,2024-06-05,STR4732,Nature's Basket,Supermarket,Mumbai,West,Priya Sharma,Head & Shoulders,Head & Shoulders Color Protect Shampoo,HEA340COL85,Color Protect,340,6,30,20.0,Mid,Center,True,0,156.07,,False,Standard Shelf,True,Dove,
AUD00102,2024-09-30,STR5588,Booker,Wholesale,Surat,West,Neha Gupta,Rejoice,Rejoice Anti-Dandruff Shampoo,REJ400ANT56,Anti-Dandruff,400,1,46,2.17,Top,Center-Right,True,0,576.11,,False,Clip Strip,False,Pantene,
AUD00103,2024-01-24,STR7265,MedPlus,Pharmacy,Kolkata,East,Anita Patel,Dove,Dove Keratin Shampoo,DOV200KER20,Keratin,200,7,48,14.58,Top,Center-Right,True,0,649.34,,False,Standard Shelf,False,Sunsilk,
AUD00104,2024-08-06,STR6565,Frank Ross,Pharmacy,Hyderabad,South,Neha Gupta,Clinic Plus,Clinic Plus Keratin Shampoo,CLI200KER39,Keratin,200,2,29,6.9,Eye Level,Left,True,0,254.51,,False,Clip Strip,False,TRESemmé,
AUD00105,2024-02-03,STR5950,Daily Needs,Convenience,Mumbai,West,Priya Sharma,Rejoice,Rejoice Moisturizing Shampoo,REJ700MOI17,Moisturizing,700,3,33,9.09,Eye Level,Center,True,0,184.9,,False,End Cap,True,Sunsilk,
AUD00106,2024-03-20,STR4315,7-Eleven,Convenience,Pune,West,Vikram Rao,Herbal Essences,Herbal Essences Volumizing Shampoo,HER400VOL73,Volumizing,400,5,52,9.62,Bottom,Left,True,0,417.63,,False,Free Standing Display,True,Dove,
AUD00107,2024-04-21,STR2624,Nature's Basket,Supermarket,Jaipur,North,Amit Singh,Garnier,Garnier Charcoal Shampoo,GAR340CHA28,Charcoal,340,1,34,2.94,Mid,Right,True,0,499.66,432.89,True,Standard Shelf,False,Dove,
AUD00108,2024-04-16,STR3924,WholesaleMart,Wholesale,Mumbai,West,Divya Nair,Clinic Plus,Clinic Plus Volumizing Shampoo,CLI700VOL15,Volumizing,700,1,33,3.03,Bottom,Left,True,0,347.51,327.16,True,End Cap,True,TRESemmé,
AUD00109,2024-12-11,STR7037,Wellness Forever,Pharmacy,Jaipur,North,Rahul Verma,Herbal Essences,Herbal Essences Strengthening Shampoo,HER700STR45,Strengthening,700,8,47,17.02,Mid,Left,True,0,105.83,,False,End Cap,True,Sunsilk,
AUD00110,2024-12-25,STR3628,HyperCity,Hypermarket,Kolkata,East,Rahul Verma,Rejoice,Rejoice Charcoal Shampoo,REJ700CHA39,Charcoal,700,2,53,3.77,Top,Center-Left,False,2,274.0,234.61,True,End Cap,True,Dove,
AUD00111,2024-04-01,STR9886,Daily Needs,Convenience,Delhi,North,Rahul Verma,Rejoice,Rejoice Strengthening Shampoo,REJ400STR78,Strengthening,400,8,40,20.0,Bottom,Center,True,0,537.31,,False,Free Standing Display,False,Garnier,
AUD00112,2024-03-07,STR7432,Reliance Fresh Extra,Hypermarket,Pune,West,Anita Patel,Rejoice,Rejoice Anti-Dandruff Shampoo,REJ500ANT87,Anti-Dandruff,500,5,45,11.11,Eye Level,Center-Right,True,0,292.19,,False,Gondola End,True,TRESemmé,
AUD00113,2024-12-22,STR2217,WholesaleMart,Wholesale,Chennai,South,Divya Nair,Pantene,Pantene Volumizing Shampoo,PAN500VOL51,Volumizing,500,3,53,5.66,Eye Level,Center-Right,True,0,157.42,,False,Gondola End,False,Dove,
AUD00114,2024-07-03,STR4296,More Supermarket,Supermarket,Ahmedabad,West,Divya Nair,Clinic Plus,Clinic Plus Repair & Care Shampoo,CLI700REP36,Repair & Care,700,4,34,11.76,Mid,Center,True,0,366.68,,False,Gondola End,True,Sunsilk,
AUD00115,2024-08-25,STR6363,7-Eleven,Convenience,Jaipur,North,Rahul Verma,Sunsilk,Sunsilk Keratin Shampoo,SUN700KER82,Keratin,700,7,32,21.88,Bottom,Center-Left,True,0,280.97,235.43,True,Clip Strip,True,L'Oréal,
AUD00116,2024-08-22,STR5167,MedPlus,Pharmacy,Surat,West,Suresh Kumar,L'Oréal,L'Oréal Repair & Care Shampoo,L'O200REP78,Repair & Care,200,2,34,5.88,Top,Left,True,0,304.83,247.1,True,Standard Shelf,False,Head & Shoulders,
AUD00117,2024-08-12,STR1359,Reliance Fresh,Supermarket,Mumbai,West,Vikram Rao,TRESemmé,TRESemmé Color Protect Shampoo,TRE200COL22,Color Protect,200,5,24,20.83,Eye Level,Left,True,0,574.77,481.42,True,Standard Shelf,True,Pantene,
AUD00118,2024-04-26,STR4260,Daily Needs,Convenience,Kolkata,East,Anita Patel,TRESemmé,TRESemmé Anti-Dandruff Shampoo,TRE340ANT16,Anti-Dandruff,340,7,56,12.5,Top,Center,True,0,348.47,,False,Standard Shelf,True,Clinic Plus,
AUD00119,2024-11-03,STR4336,D-Mart,Hypermarket,Mumbai,West,Priya Sharma,Herbal Essences,Herbal Essences Anti-Dandruff Shampoo,HER1000ANT18,Anti-Dandruff,1000,2,21,9.52,Eye Level,Center-Right,True,0,259.88,,False,Clip Strip,True,L'Oréal,
AUD00120,2024-01-27,STR2977,QuickMart,Convenience,Delhi,North,Suresh Kumar,Clinic Plus,Clinic Plus Repair & Care Shampoo,CLI340REP44,Repair & Care,340,3,33,9.09,Top,Center-Left,True,0,93.03,,False,End Cap,False,Sunsilk,
AUD00121,2024-05-16,STR9597,Frank Ross,Pharmacy,Ahmedabad,West,Priya Sharma,Herbal Essences,Herbal Essences Moisturizing Shampoo,HER1000MOI31,Moisturizing,1000,3,29,10.34,Eye Level,Center,True,0,263.96,,False,Free Standing Display,True,Garnier,
AUD00122,2024-06-12,STR6051,WholesaleMart,Wholesale,Bangalore,South,Rahul Verma,Clinic Plus,Clinic Plus Argan Oil Shampoo,CLI400ARG10,Argan Oil,400,7,22,31.82,Bottom,Right,True,0,591.61,478.76,True,End Cap,False,Garnier,
AUD00123,2024-09-16,STR7690,D-Mart,Hypermarket,Hyderabad,South,Anita Patel,Rejoice,Rejoice Color Protect Shampoo,REJ500COL86,Color Protect,500,8,55,14.55,Top,Right,True,0,391.24,,False,Gondola End,True,Pantene,
AUD00124,2024-06-20,STR7532,Apollo Pharmacy,Pharmacy,Hyderabad,South,Priya Sharma,L'Oréal,L'Oréal Moisturizing Shampoo,L'O400MOI98,Moisturizing,400,4,43,9.3,Eye Level,Center-Left,True,0,396.65,351.99,True,Standard Shelf,False,Herbal Essences,
AUD00125,2024-02-15,STR5023,Spencer's,Supermarket,Jaipur,North,Vikram Rao,Dove,Dove Anti-Dandruff Shampoo,DOV340ANT10,Anti-Dandruff,340,1,36,2.78,Mid,Center,True,0,439.91,,False,End Cap,True,Rejoice,
AUD00126,2024-07-29,STR5665,Nature's Basket,Supermarket,Bangalore,South,Anita Patel,TRESemmé,TRESemmé Anti-Dandruff Shampoo,TRE400ANT27,Anti-Dandruff,400,6,47,12.77,Top,Center-Left,True,0,463.71,,False,Clip Strip,True,Herbal Essences,
AUD00127,2024-03-04,STR1985,Booker,Wholesale,Mumbai,West,Amit Singh,Dove,Dove Color Protect Shampoo,DOV340COL38,Color Protect,340,6,41,14.63,Mid,Center,True,0,558.02,,False,Standard Shelf,True,TRESemmé,
AUD00128,2024-01-04,STR7698,HyperCity,Hypermarket,Surat,West,Suresh Kumar,L'Oréal,L'Oréal Keratin Shampoo,L'O200KER32,Keratin,200,7,52,13.46,Mid,Left,True,0,578.99,,False,End Cap,False,Herbal Essences,
AUD00129,2024-02-01,STR4523,Apollo Pharmacy,Pharmacy,Jaipur,North,Anita Patel,Head & Shoulders,Head & Shoulders Argan Oil Shampoo,HEA340ARG38,Argan Oil,340,7,54,12.96,Eye Level,Left,True,0,111.87,90.46,True,Standard Shelf,False,Pantene,
AUD00130,2024-02-12,STR1016,Reliance Fresh,Supermarket,Bangalore,South,Suresh Kumar,TRESemmé,TRESemmé Strengthening Shampoo,TRE400STR20,Strengthening,400,7,22,31.82,Eye Level,Left,True,0,587.53,,False,End Cap,True,Pantene,
AUD00131,2024-07-31,STR2559,Reliance Fresh,Supermarket,Ahmedabad,West,Priya Sharma,TRESemmé,TRESemmé Strengthening Shampoo,TRE1000STR37,Strengthening,1000,4,24,16.67,Bottom,Left,True,0,559.14,,False,Standard Shelf,True,Herbal Essences,
AUD00132,2024-08-09,STR5647,Wellness Forever,Pharmacy,Pune,West,Anita Patel,Dove,Dove Repair & Care Shampoo,DOV700REP56,Repair & Care,700,2,47,4.26,Bottom,Center-Left,True,0,357.32,,False,Standard Shelf,True,Head & Shoulders,
AUD00133,2024-10-06,STR5011,Apollo Pharmacy,Pharmacy,Delhi,North,Rahul Verma,Rejoice,Rejoice Smoothing Shampoo,REJ200SMO84,Smoothing,200,6,53,11.32,Eye Level,Center-Left,True,0,330.5,,False,Free Standing Display,True,Pantene,
AUD00134,2024-01-11,STR9530,Costco India,Wholesale,Mumbai,West,Divya Nair,TRESemmé,TRESemmé Volumizing Shampoo,TRE500VOL94,Volumizing,500,7,37,18.92,Bottom,Center-Right,True,0,168.55,,False,Standard Shelf,True,Garnier,
AUD00135,2024-06-13,STR9892,QuickMart,Convenience,Mumbai,West,Vikram Rao,Dove,Dove Argan Oil Shampoo,DOV500ARG11,Argan Oil,500,6,58,10.34,Eye Level,Center-Right,True,0,262.06,243.58,True,Gondola End,True,L'Oréal,
AUD00136,2024-01-08,STR8719,Apollo Pharmacy,Pharmacy,Bangalore,South,Rahul Verma,Head & Shoulders,Head & Shoulders Moisturizing Shampoo,HEA400MOI81,Moisturizing,400,1,54,1.85,Mid,Right,True,0,334.18,,False,End Cap,False,TRESemmé,
AUD00137,2024-09-02,STR8846,HyperCity,Hypermarket,Pune,West,Amit Singh,Rejoice,Rejoice Anti-Dandruff Shampoo,REJ700ANT23,Anti-Dandruff,700,6,28,21.43,Mid,Center-Right,True,0,548.79,500.77,True,Clip Strip,True,Herbal Essences,
AUD00138,2024-12-10,STR6276,Booker,Wholesale,Surat,West,Amit Singh,Clinic Plus,Clinic Plus Argan Oil Shampoo,CLI1000ARG56,Argan Oil,1000,1,35,2.86,Eye Level,Center,True,0,533.55,,False,End Cap,True,Pantene,
AUD00139,2024-01-14,STR5494,HyperCity,Hypermarket,Mumbai,West,Priya Sharma,Rejoice,Rejoice Anti-Dandruff Shampoo,REJ500ANT78,Anti-Dandruff,500,8,27,29.63,Top,Right,True,0,253.4,,False,Free Standing Display,True,Herbal Essences,
AUD00140,2024-05-17,STR1910,In & Out,Convenience,Hyderabad,South,Priya Sharma,L'Oréal,L'Oréal Argan Oil Shampoo,L'O400ARG70,Argan Oil,400,6,21,28.57,Eye Level,Center-Left,True,0,541.51,,False,Standard Shelf,True,Pantene,
AUD00141,2024-02-03,STR9729,WholesaleMart,Wholesale,Delhi,North,Amit Singh,TRESemmé,TRESemmé Moisturizing Shampoo,TRE400MOI16,Moisturizing,400,4,41,9.76,Bottom,Center-Left,True,0,458.22,,False,Standard Shelf,True,Head & Shoulders,
AUD00142,2024-09-15,STR2651,In & Out,Convenience,Hyderabad,South,Neha Gupta,Herbal Essences,Herbal Essences Charcoal Shampoo,HER400CHA29,Charcoal,400,6,55,10.91,Bottom,Right,True,0,118.92,,False,End Cap,False,Dove,
AUD00143,2024-07-19,STR7667,In & Out,Convenience,Hyderabad,South,Rahul Verma,TRESemmé,TRESemmé Smoothing Shampoo,TRE500SMO36,Smoothing,500,3,22,13.64,Top,Left,True,0,467.11,,False,End Cap,True,Clinic Plus,
AUD00144,2024-12-28,STR4587,Daily Needs,Convenience,Ahmedabad,West,Amit Singh,Clinic Plus,Clinic Plus Charcoal Shampoo,CLI340CHA44,Charcoal,340,4,23,17.39,Bottom,Left,True,0,341.77,,False,Gondola End,True,Head & Shoulders,
AUD00145,2024-06-14,STR9622,Spencer's,Supermarket,Kolkata,East,Suresh Kumar,Head & Shoulders,Head & Shoulders Argan Oil Shampoo,HEA1000ARG77,Argan Oil,1000,1,55,1.82,Eye Level,Center-Right,False,8,461.15,,False,Clip Strip,True,Herbal Essences,
AUD00146,2024-05-11,STR8749,Nature's Basket,Supermarket,Pune,West,Rahul Verma,Sunsilk,Sunsilk Color Protect Shampoo,SUN340COL97,Color Protect,340,1,42,2.38,Bottom,Center,True,0,396.56,,False,Standard Shelf,True,Clinic Plus,
AUD00147,2024-04-23,STR7774,Apollo Pharmacy,Pharmacy,Chennai,South,Anita Patel,TRESemmé,TRESemmé Smoothing Shampoo,TRE500SMO94,Smoothing,500,1,52,1.92,Mid,Left,True,0,514.47,,False,Standard Shelf,False,L'Oréal,
AUD00148,2024-07-04,STR7331,In & Out,Convenience,Bangalore,South,Suresh Kumar,Head & Shoulders,Head & Shoulders Moisturizing Shampoo,HEA400MOI77,Moisturizing,400,1,38,2.63,Top,Center-Right,True,0,286.06,238.91,True,Standard Shelf,False,L'Oréal,
AUD00149,2024-12-06,STR6976,HyperCity,Hypermarket,Jaipur,North,Rahul Verma,Dove,Dove Strengthening Shampoo,DOV200STR30,Strengthening,200,3,23,13.04,Bottom,Center-Left,True,0,306.41,264.97,True,Standard Shelf,True,TRESemmé,
AUD00150,2024-01-10,STR5040,Apollo Pharmacy,Pharmacy,Jaipur,North,Amit Singh,Clinic Plus,Clinic Plus Anti-Dandruff Shampoo,CLI1000ANT82,Anti-Dandruff,1000,2,46,4.35,Mid,Center-Left,True,0,334.75,,False,End Cap,True,Pantene,
AUD00151,2024-03-14,STR6099,Apollo Pharmacy,Pharmacy,Pune,West,Neha Gupta,L'Oréal,L'Oréal Moisturizing Shampoo,L'O700MOI46,Moisturizing,700,3,47,6.38,Top,Left,True,0,372.91,,False,Standard Shelf,True,Pantene,
AUD00152,2024-11-26,STR7800,Reliance Fresh Extra,Hypermarket,Ahmedabad,West,Anita Patel,L'Oréal,L'Oréal Moisturizing Shampoo,L'O1000MOI87,Moisturizing,1000,7,60,11.67,Eye Level,Right,True,0,341.39,,False,Clip Strip,True,Herbal Essences,
AUD00153,2024-03-13,STR9312,Booker,Wholesale,Pune,West,Suresh Kumar,Pantene,Pantene Moisturizing Shampoo,PAN700MOI82,Moisturizing,700,2,52,3.85,Mid,Right,True,0,492.13,,False,Free Standing Display,False,L'Oréal,
AUD00154,2024-02-14,STR7338,7-Eleven,Convenience,Bangalore,South,Divya Nair,Garnier,Garnier Charcoal Shampoo,GAR200CHA84,Charcoal,200,8,31,25.81,Bottom,Center,False,1,254.48,236.02,True,End Cap,True,Head & Shoulders,
AUD00155,2024-11-21,STR8503,HyperCity,Hypermarket,Kolkata,East,Priya Sharma,Clinic Plus,Clinic Plus Moisturizing Shampoo,CLI340MOI65,Moisturizing,340,4,29,13.79,Top,Center-Left,True,0,558.02,,False,End Cap,True,Pantene,
AUD00156,2024-02-05,STR2257,HyperCity,Hypermarket,Pune,West,Amit Singh,Herbal Essences,Herbal Essences Anti-Dandruff Shampoo,HER200ANT47,Anti-Dandruff,200,2,33,6.06,Eye Level,Center,True,0,622.41,,False,Standard Shelf,True,Clinic Plus,
AUD00157,2024-12-27,STR7658,QuickMart,Convenience,Hyderabad,South,Priya Sharma,Head & Shoulders,Head & Shoulders Anti-Dandruff Shampoo,HEA1000ANT50,Anti-Dandruff,1000,3,31,9.68,Eye Level,Right,True,0,306.38,,False,Standard Shelf,True,Sunsilk,
AUD00158,2024-09-03,STR2961,Reliance Fresh,Supermarket,Surat,West,Neha Gupta,Dove,Dove Keratin Shampoo,DOV200KER93,Keratin,200,3,29,10.34,Eye Level,Right,True,0,242.57,202.47,True,End Cap,True,Head & Shoulders,
AUD00159,2024-08-15,STR5978,QuickMart,Convenience,Kolkata,East,Rahul Verma,Rejoice,Rejoice Smoothing Shampoo,REJ400SMO53,Smoothing,400,6,28,21.43,Top,Center-Left,True,0,255.58,,False,Free Standing Display,True,TRESemmé,
AUD00160,2024-04-27,STR4592,Reliance Fresh,Supermarket,Ahmedabad,West,Suresh Kumar,Clinic Plus,Clinic Plus Smoothing Shampoo,CLI1000SMO17,Smoothing,1000,5,51,9.8,Mid,Right,True,0,489.82,414.95,True,Free Standing Display,False,Garnier,
AUD00161,2024-09-17,STR5249,Metro Cash & Carry,Wholesale,Mumbai,West,Vikram Rao,Herbal Essences,Herbal Essences Charcoal Shampoo,HER200CHA50,Charcoal,200,7,42,16.67,Eye Level,Center-Right,True,0,441.59,,False,Clip Strip,True,Rejoice,
AUD00162,2024-11-24,STR7280,BigBazaar,Hypermarket,Mumbai,West,Anita Patel,Sunsilk,Sunsilk Volumizing Shampoo,SUN200VOL95,Volumizing,200,3,54,5.56,Top,Center-Right,True,0,406.37,355.33,True,Free Standing Display,True,Pantene,
AUD00163,2024-05-10,STR8738,QuickMart,Convenience,Bangalore,South,Priya Sharma,Rejoice,Rejoice Volumizing Shampoo,REJ500VOL65,Volumizing,500,5,59,8.47,Bottom,Center-Left,True,0,492.64,,False,Standard Shelf,True,Garnier,
AUD00164,2024-08-04,STR4171,Reliance Fresh Extra,Hypermarket,Bangalore,South,Amit Singh,Head & Shoulders,Head & Shoulders Charcoal Shampoo,HEA500CHA60,Charcoal,500,8,56,14.29,Eye Level,Left,True,0,222.83,,False,Free Standing Display,True,Dove,
AUD00165,2024-09-16,STR2990,7-Eleven,Convenience,Hyderabad,South,Suresh Kumar,Herbal Essences,Herbal Essences Keratin Shampoo,HER1000KER28,Keratin,1000,6,20,30.0,Bottom,Center-Right,True,0,389.68,,False,Clip Strip,False,TRESemmé,
AUD00166,2024-04-15,STR2159,Booker,Wholesale,Delhi,North,Anita Patel,L'Oréal,L'Oréal Smoothing Shampoo,L'O500SMO89,Smoothing,500,3,26,11.54,Bottom,Right,True,0,339.48,,False,Clip Strip,True,Herbal Essences,
AUD00167,2024-08-28,STR3237,More Supermarket,Supermarket,Chennai,South,Anita Patel,TRESemmé,TRESemmé Charcoal Shampoo,TRE1000CHA45,Charcoal,1000,6,54,11.11,Top,Center-Right,True,0,305.16,,False,Free Standing Display,False,Clinic Plus,
AUD00168,2024-05-12,STR7139,In & Out,Convenience,Bangalore,South,Priya Sharma,TRESemmé,TRESemmé Charcoal Shampoo,TRE200CHA69,Charcoal,200,1,51,1.96,Bottom,Center-Right,True,0,585.38,,False,Standard Shelf,True,Clinic Plus,
AUD00169,2024-02-07,STR9421,WholesaleMart,Wholesale,Kolkata,East,Neha Gupta,Pantene,Pantene Keratin Shampoo,PAN340KER85,Keratin,340,7,35,20.0,Eye Level,Center-Right,True,0,390.4,,False,Standard Shelf,True,Clinic Plus,
AUD00170,2024-06-13,STR4770,More Supermarket,Supermarket,Surat,West,Suresh Kumar,Garnier,Garnier Anti-Dandruff Shampoo,GAR400ANT83,Anti-Dandruff,400,3,27,11.11,Top,Right,True,0,615.47,542.79,True,End Cap,True,TRESemmé,
AUD00171,2024-06-02,STR1255,Apollo Pharmacy,Pharmacy,Pune,West,Suresh Kumar,Dove,Dove Keratin Shampoo,DOV400KER38,Keratin,400,5,46,10.87,Mid,Center-Right,True,0,608.75,560.37,True,End Cap,True,Sunsilk,
AUD00172,2024-08-24,STR2577,Apollo Pharmacy,Pharmacy,Kolkata,East,Divya Nair,L'Oréal,L'Oréal Color Protect Shampoo,L'O200COL81,Color Protect,200,2,34,5.88,Top,Left,True,0,280.04,252.82,True,Gondola End,True,Pantene,
AUD00173,2024-05-06,STR1930,In & Out,Convenience,Chennai,South,Anita Patel,Sunsilk,Sunsilk Charcoal Shampoo,SUN700CHA81,Charcoal,700,8,31,25.81,Top,Center-Left,True,0,531.15,,False,End Cap,True,Rejoice,
AUD00174,2024-04-23,STR7563,HyperCity,Hypermarket,Kolkata,East,Rahul Verma,Clinic Plus,Clinic Plus Color Protect Shampoo,CLI700COL32,Color Protect,700,5,28,17.86,Mid,Center,True,0,327.29,275.0,True,Standard Shelf,True,TRESemmé,
AUD00175,2024-05-03,STR5234,BigBazaar,Hypermarket,Mumbai,West,Vikram Rao,Dove,Dove Volumizing Shampoo,DOV1000VOL14,Volumizing,1000,2,22,9.09,Eye Level,Center-Left,True,0,627.54,,False,Free Standing Display,True,TRESemmé,
AUD00176,2024-10-11,STR2092,In & Out,Convenience,Chennai,South,Anita Patel,Head & Shoulders,Head & Shoulders Color Protect Shampoo,HEA200COL59,Color Protect,200,2,22,9.09,Mid,Right,True,0,540.15,508.86,True,Gondola End,True,Rejoice,
AUD00177,2024-12-07,STR8481,BigBazaar,Hypermarket,Jaipur,North,Amit Singh,Clinic Plus,Clinic Plus Anti-Dandruff Shampoo,CLI400ANT14,Anti-Dandruff,400,8,39,20.51,Bottom,Center-Left,True,0,263.23,236.37,True,End Cap,True,Garnier,
AUD00178,2024-09-25,STR5885,More Supermarket,Supermarket,Ahmedabad,West,Priya Sharma,Dove,Dove Smoothing Shampoo,DOV200SMO30,Smoothing,200,5,32,15.62,Mid,Center-Left,True,0,178.27,,False,End Cap,True,TRESemmé,
AUD00179,2024-04-16,STR6229,In & Out,Convenience,Kolkata,East,Suresh Kumar,Rejoice,Rejoice Color Protect Shampoo,REJ1000COL61,Color Protect,1000,4,48,8.33,Eye Level,Center-Left,True,0,117.96,,False,End Cap,False,Clinic Plus,
AUD00180,2024-05-06,STR9257,Nature's Basket,Supermarket,Kolkata,East,Amit Singh,Dove,Dove Argan Oil Shampoo,DOV700ARG42,Argan Oil,700,1,37,2.7,Mid,Center-Left,True,0,288.27,,False,Standard Shelf,False,L'Oréal,
AUD00181,2024-12-09,STR8604,HyperCity,Hypermarket,Pune,West,Neha Gupta,Head & Shoulders,Head & Shoulders Keratin Shampoo,HEA500KER44,Keratin,500,5,58,8.62,Mid,Center,False,2,645.84,,False,Standard Shelf,True,Clinic Plus,
AUD00182,2024-09-14,STR6226,Metro Cash & Carry,Wholesale,Pune,West,Suresh Kumar,TRESemmé,TRESemmé Strengthening Shampoo,TRE700STR35,Strengthening,700,6,34,17.65,Eye Level,Center-Right,False,6,603.07,,False,Standard Shelf,False,Pantene,
AUD00183,2024-06-26,STR5098,In & Out,Convenience,Mumbai,West,Amit Singh,Herbal Essences,Herbal Essences Charcoal Shampoo,HER500CHA26,Charcoal,500,3,47,6.38,Mid,Left,True,0,212.53,,False,Standard Shelf,True,TRESemmé,
AUD00184,2024-03-27,STR5659,BigBazaar,Hypermarket,Chennai,South,Amit Singh,Sunsilk,Sunsilk Keratin Shampoo,SUN200KER32,Keratin,200,3,21,14.29,Top,Left,True,0,559.12,,False,Standard Shelf,True,Rejoice,
AUD00185,2024-08-26,STR3970,MedPlus,Pharmacy,Jaipur,North,Divya Nair,Rejoice,Rejoice Moisturizing Shampoo,REJ400MOI66,Moisturizing,400,6,59,10.17,Bottom,Center-Left,True,0,587.81,490.97,True,Gondola End,False,Pantene,
AUD00186,2024-05-28,STR9206,Apollo Pharmacy,Pharmacy,Pune,West,Anita Patel,Head & Shoulders,Head & Shoulders Moisturizing Shampoo,HEA1000MOI94,Moisturizing,1000,5,51,9.8,Top,Center-Right,True,0,371.93,,False,Free Standing Display,True,Sunsilk,
AUD00187,2024-08-04,STR3465,WholesaleMart,Wholesale,Pune,West,Divya Nair,Rejoice,Rejoice Volumizing Shampoo,REJ700VOL29,Volumizing,700,5,22,22.73,Mid,Right,True,0,451.06,,False,Free Standing Display,True,Head & Shoulders,
AUD00188,2024-06-23,STR3017,Reliance Fresh Extra,Hypermarket,Kolkata,East,Vikram Rao,Garnier,Garnier Volumizing Shampoo,GAR1000VOL69,Volumizing,1000,5,41,12.2,Top,Center-Left,True,0,84.19,,False,End Cap,False,Rejoice,
AUD00189,2024-09-02,STR5151,Frank Ross,Pharmacy,Bangalore,South,Suresh Kumar,Head & Shoulders,Head & Shoulders Repair & Care Shampoo,HEA340REP63,Repair & Care,340,8,60,13.33,Mid,Left,True,0,389.89,,False,Clip Strip,True,L'Oréal,
AUD00190,2024-11-01,STR3083,Apollo Pharmacy,Pharmacy,Chennai,South,Rahul Verma,Sunsilk,Sunsilk Repair & Care Shampoo,SUN200REP80,Repair & Care,200,5,58,8.62,Eye Level,Left,True,0,129.25,,False,Standard Shelf,False,Head & Shoulders,
AUD00191,2024-05-15,STR3282,MedPlus,Pharmacy,Jaipur,North,Amit Singh,Clinic Plus,Clinic Plus Moisturizing Shampoo,CLI500MOI38,Moisturizing,500,8,24,33.33,Mid,Center,True,0,99.49,92.81,True,Gondola End,True,Garnier,
AUD00192,2024-11-30,STR1296,Metro Cash & Carry,Wholesale,Kolkata,East,Neha Gupta,Dove,Dove Charcoal Shampoo,DOV200CHA49,Charcoal,200,7,57,12.28,Eye Level,Left,True,0,256.53,,False,Standard Shelf,False,Pantene,
AUD00193,2024-08-17,STR9930,HyperCity,Hypermarket,Kolkata,East,Suresh Kumar,Sunsilk,Sunsilk Strengthening Shampoo,SUN340STR55,Strengthening,340,5,28,17.86,Eye Level,Left,False,4,120.04,106.09,True,Gondola End,False,TRESemmé,
AUD00194,2024-06-26,STR7323,Daily Needs,Convenience,Mumbai,West,Suresh Kumar,L'Oréal,L'Oréal Moisturizing Shampoo,L'O400MOI78,Moisturizing,400,6,56,10.71,Bottom,Center,True,0,336.35,,False,Standard Shelf,True,Pantene,
AUD00195,2024-01-28,STR9586,Metro Cash & Carry,Wholesale,Jaipur,North,Priya Sharma,Head & Shoulders,Head & Shoulders Charcoal Shampoo,HEA700CHA38,Charcoal,700,3,60,5.0,Eye Level,Left,True,0,202.0,161.66,True,Standard Shelf,True,Pantene,
AUD00196,2024-08-28,STR3594,In & Out,Convenience,Hyderabad,South,Vikram Rao,Rejoice,Rejoice Argan Oil Shampoo,REJ500ARG90,Argan Oil,500,1,37,2.7,Mid,Center-Left,True,0,300.94,,False,End Cap,True,Head & Shoulders,
AUD00197,2024-11-20,STR2156,BigBazaar,Hypermarket,Ahmedabad,West,Rahul Verma,Clinic Plus,Clinic Plus Charcoal Shampoo,CLI400CHA46,Charcoal,400,3,56,5.36,Top,Right,True,0,523.25,,False,Standard Shelf,False,Pantene,
AUD00198,2024-10-13,STR1479,Nature's Basket,Supermarket,Hyderabad,South,Amit Singh,Head & Shoulders,Head & Shoulders Moisturizing Shampoo,HEA400MOI63,Moisturizing,400,4,50,8.0,Top,Center-Left,False,7,375.58,,False,Free Standing Display,False,Pantene,
AUD00199,2024-04-11,STR6927,Nature's Basket,Supermarket,Surat,West,Neha Gupta,TRESemmé,TRESemmé Charcoal Shampoo,TRE400CHA37,Charcoal,400,1,20,5.0,Bottom,Right,True,0,329.21,268.53,True,Clip Strip,True,L'Oréal,
AUD00200,2024-06-16,STR7123,WholesaleMart,Wholesale,Chennai,South,Divya Nair,Pantene,Pantene Keratin Shampoo,PAN200KER21,Keratin,200,5,51,9.8,Mid,Left,True,0,100.94,,False,Free Standing Display,True,Dove,
AUD00201,2024-09-17,STR8976,Costco India,Wholesale,Bangalore,South,Rahul Verma,Garnier,Garnier Strengthening Shampoo,GAR400STR65,Strengthening,400,5,54,9.26,Bottom,Center,True,0,99.54,,False,Standard Shelf,True,L'Oréal,
AUD00202,2024-08-01,STR4786,Frank Ross,Pharmacy,Kolkata,East,Rahul Verma,TRESemmé,TRESemmé Moisturizing Shampoo,TRE400MOI68,Moisturizing,400,5,34,14.71,Bottom,Center-Right,True,0,116.11,,False,Standard Shelf,True,Herbal Essences,
AUD00203,2024-12-23,STR8446,MedPlus,Pharmacy,Mumbai,West,Priya Sharma,Head & Shoulders,Head & Shoulders Strengthening Shampoo,HEA500STR42,Strengthening,500,7,36,19.44,Eye Level,Left,True,0,256.07,,False,Standard Shelf,True,Rejoice,
AUD00204,2024-04-13,STR9988,Wellness Forever,Pharmacy,Jaipur,North,Vikram Rao,Dove,Dove Smoothing Shampoo,DOV400SMO59,Smoothing,400,1,35,2.86,Mid,Center-Left,False,2,97.04,87.1,True,Free Standing Display,True,L'Oréal,
AUD00205,2024-01-25,STR6050,Costco India,Wholesale,Bangalore,South,Neha Gupta,Herbal Essences,Herbal Essences Color Protect Shampoo,HER400COL72,Color Protect,400,3,22,13.64,Bottom,Center-Left,True,0,209.05,179.49,True,Clip Strip,True,Sunsilk,
AUD00206,2024-09-16,STR4762,WholesaleMart,Wholesale,Chennai,South,Neha Gupta,Herbal Essences,Herbal Essences Keratin Shampoo,HER500KER80,Keratin,500,8,40,20.0,Top,Center-Left,True,0,565.9,,False,Clip Strip,False,L'Oréal,
AUD00207,2024-03-23,STR9399,Spencer's,Supermarket,Pune,West,Amit Singh,Head & Shoulders,Head & Shoulders Volumizing Shampoo,HEA200VOL11,Volumizing,200,1,24,4.17,Top,Center,True,0,445.39,373.76,True,Standard Shelf,True,L'Oréal,
AUD00208,2024-05-29,STR6832,Wellness Forever,Pharmacy,Pune,West,Anita Patel,Rejoice,Rejoice Argan Oil Shampoo,REJ340ARG26,Argan Oil,340,3,39,7.69,Mid,Center-Right,True,0,605.38,,False,Clip Strip,True,TRESemmé,
AUD00209,2024-07-29,STR3460,D-Mart,Hypermarket,Jaipur,North,Divya Nair,Rejoice,Rejoice Charcoal Shampoo,REJ700CHA80,Charcoal,700,6,48,12.5,Top,Left,True,0,85.82,74.38,True,Free Standing Display,False,Herbal Essences,
AUD00210,2024-07-02,STR9499,Reliance Fresh,Supermarket,Bangalore,South,Divya Nair,Pantene,Pantene Moisturizing Shampoo,PAN400MOI82,Moisturizing,400,1,34,2.94,Bottom,Center-Left,True,0,422.47,344.04,True,Free Standing Display,False,L'Oréal,
AUD00211,2024-05-09,STR8800,Apollo Pharmacy,Pharmacy,Hyderabad,South,Anita Patel,Garnier,Garnier Anti-Dandruff Shampoo,GAR500ANT47,Anti-Dandruff,500,2,45,4.44,Mid,Center-Right,True,0,236.79,,False,Standard Shelf,True,Head & Shoulders,
AUD00212,2024-03-04,STR5051,Nature's Basket,Supermarket,Ahmedabad,West,Priya Sharma,TRESemmé,TRESemmé Anti-Dandruff Shampoo,TRE700ANT89,Anti-Dandruff,700,8,23,34.78,Eye Level,Left,True,0,302.15,271.16,True,Standard Shelf,True,L'Oréal,
AUD00213,2024-03-19,STR1376,D-Mart,Hypermarket,Kolkata,East,Amit Singh,Dove,Dove Keratin Shampoo,DOV400KER83,Keratin,400,7,35,20.0,Bottom,Left,True,0,154.74,,False,Standard Shelf,True,Sunsilk,
AUD00214,2024-02-21,STR5578,D-Mart,Hypermarket,Pune,West,Amit Singh,Dove,Dove Keratin Shampoo,DOV340KER39,Keratin,340,2,57,3.51,Mid,Center,True,0,411.35,,False,Clip Strip,True,Sunsilk,
AUD00215,2024-02-14,STR8805,Reliance Fresh Extra,Hypermarket,Hyderabad,South,Divya Nair,L'Oréal,L'Oréal Strengthening Shampoo,L'O400STR87,Strengthening,400,8,27,29.63,Bottom,Right,True,0,358.51,286.84,True,Standard Shelf,False,Pantene,
AUD00216,2024-10-06,STR1384,Daily Needs,Convenience,Bangalore,South,Priya Sharma,Garnier,Garnier Keratin Shampoo,GAR200KER19,Keratin,200,7,34,20.59,Mid,Center-Left,True,0,114.36,,False,Standard Shelf,True,Herbal Essences,
AUD00217,2024-01-21,STR8404,BigBazaar,Hypermarket,Jaipur,North,Vikram Rao,TRESemmé,TRESemmé Smoothing Shampoo,TRE200SMO33,Smoothing,200,1,54,1.85,Eye Level,Center-Right,True,0,483.75,,False,Clip Strip,True,Sunsilk,
AUD00218,2024-08-19,STR3235,Spencer's,Supermarket,Hyderabad,South,Rahul Verma,Sunsilk,Sunsilk Anti-Dandruff Shampoo,SUN400ANT16,Anti-Dandruff,400,6,26,23.08,Top,Right,True,0,113.35,93.0,True,Free Standing Display,True,Dove,
AUD00219,2024-04-06,STR8657,More Supermarket,Supermarket,Delhi,North,Vikram Rao,Pantene,Pantene Strengthening Shampoo,PAN340STR95,Strengthening,340,2,56,3.57,Mid,Center-Right,True,0,299.66,,False,End Cap,False,Garnier,
AUD00220,2024-10-22,STR9520,Apollo Pharmacy,Pharmacy,Hyderabad,South,Rahul Verma,Herbal Essences,Herbal Essences Repair & Care Shampoo,HER500REP70,Repair & Care,500,6,60,10.0,Mid,Right,True,0,332.63,,False,Free Standing Display,True,L'Oréal,
AUD00221,2024-12-11,STR1385,BigBazaar,Hypermarket,Jaipur,North,Divya Nair,TRESemmé,TRESemmé Anti-Dandruff Shampoo,TRE500ANT49,Anti-Dandruff,500,2,39,5.13,Eye Level,Right,True,0,372.73,,False,Gondola End,True,Garnier,
AUD00222,2024-01-16,STR4170,Metro Cash & Carry,Wholesale,Chennai,South,Suresh Kumar,Rejoice,Rejoice Repair & Care Shampoo,REJ1000REP63,Repair & Care,1000,7,37,18.92,Eye Level,Center-Left,True,0,396.96,318.33,True,Free Standing Display,False,Clinic Plus,
AUD00223,2024-05-26,STR1010,7-Eleven,Convenience,Kolkata,East,Amit Singh,Sunsilk,Sunsilk Volumizing Shampoo,SUN340VOL12,Volumizing,340,2,40,5.0,Mid,Center,True,0,586.33,512.87,True,Gondola End,False,Head & Shoulders,
AUD00224,2024-06-02,STR6085,D-Mart,Hypermarket,Chennai,South,Rahul Verma,Herbal Essences,Herbal Essences Charcoal Shampoo,HER1000CHA25,Charcoal,1000,2,35,5.71,Mid,Center-Right,True,0,598.44,,False,Standard Shelf,True,L'Oréal,
AUD00225,2024-06-24,STR1046,Booker,Wholesale,Pune,West,Amit Singh,Garnier,Garnier Repair & Care Shampoo,GAR200REP33,Repair & Care,200,8,49,16.33,Top,Center,True,0,366.15,,False,Free Standing Display,True,Sunsilk,
AUD00226,2024-02-17,STR2245,BigBazaar,Hypermarket,Ahmedabad,West,Divya Nair,Pantene,Pantene Smoothing Shampoo,PAN400SMO51,Smoothing,400,6,40,15.0,Bottom,Center-Right,True,0,620.13,523.72,True,End Cap,True,TRESemmé,
AUD00227,2024-11-04,STR5412,QuickMart,Convenience,Bangalore,South,Suresh Kumar,Dove,Dove Moisturizing Shampoo,DOV700MOI25,Moisturizing,700,6,55,10.91,Top,Center,True,0,323.35,281.23,True,Clip Strip,False,L'Oréal,
AUD00228,2024-08-22,STR1003,Costco India,Wholesale,Surat,West,Anita Patel,L'Oréal,L'Oréal Anti-Dandruff Shampoo,L'O500ANT12,Anti-Dandruff,500,7,45,15.56,Bottom,Left,True,0,356.87,,False,Clip Strip,True,Dove,
AUD00229,2024-09-04,STR7654,Reliance Fresh Extra,Hypermarket,Pune,West,Rahul Verma,Rejoice,Rejoice Repair & Care Shampoo,REJ500REP30,Repair & Care,500,7,30,23.33,Bottom,Center,True,0,168.56,158.14,True,Standard Shelf,False,Herbal Essences,
AUD00230,2024-06-21,STR6154,Wellness Forever,Pharmacy,Chennai,South,Vikram Rao,Head & Shoulders,Head & Shoulders Repair & Care Shampoo,HEA700REP21,Repair & Care,700,5,45,11.11,Bottom,Center-Right,True,0,572.17,,False,Gondola End,True,Pantene,
AUD00231,2024-12-22,STR4674,In & Out,Convenience,Surat,West,Anita Patel,Sunsilk,Sunsilk Keratin Shampoo,SUN340KER13,Keratin,340,5,38,13.16,Mid,Center-Right,True,0,155.6,,False,Free Standing Display,True,Herbal Essences,
AUD00232,2024-04-27,STR1322,Reliance Fresh Extra,Hypermarket,Bangalore,South,Priya Sharma,L'Oréal,L'Oréal Volumizing Shampoo,L'O200VOL98,Volumizing,200,3,51,5.88,Top,Center-Right,False,1,322.48,,False,Gondola End,True,Pantene,
AUD00233,2024-09-20,STR3045,BigBazaar,Hypermarket,Kolkata,East,Divya Nair,Garnier,Garnier Keratin Shampoo,GAR500KER39,Keratin,500,1,32,3.12,Eye Level,Left,True,0,494.95,,False,Gondola End,True,TRESemmé,
AUD00234,2024-09-13,STR1341,In & Out,Convenience,Chennai,South,Vikram Rao,Clinic Plus,Clinic Plus Volumizing Shampoo,CLI340VOL52,Volumizing,340,7,38,18.42,Top,Center-Left,True,0,248.99,,False,End Cap,True,Sunsilk,
AUD00235,2024-07-29,STR6908,Nature's Basket,Supermarket,Surat,West,Suresh Kumar,L'Oréal,L'Oréal Moisturizing Shampoo,L'O1000MOI71,Moisturizing,1000,4,49,8.16,Top,Right,True,0,153.63,,False,End Cap,True,Clinic Plus,
AUD00236,2024-09-16,STR4859,Reliance Fresh,Supermarket,Hyderabad,South,Anita Patel,Herbal Essences,Herbal Essences Anti-Dandruff Shampoo,HER500ANT94,Anti-Dandruff,500,6,58,10.34,Top,Center,True,0,161.77,,False,Standard Shelf,True,Clinic Plus,
AUD00237,2024-11-18,STR4963,Frank Ross,Pharmacy,Chennai,South,Priya Sharma,Clinic Plus,Clinic Plus Argan Oil Shampoo,CLI700ARG44,Argan Oil,700,1,41,2.44,Mid,Left,True,0,232.41,190.82,True,Clip Strip,True,Rejoice,
AUD00238,2024-06-03,STR2393,Costco India,Wholesale,Delhi,North,Divya Nair,TRESemmé,TRESemmé Anti-Dandruff Shampoo,TRE340ANT70,Anti-Dandruff,340,7,24,29.17,Bottom,Center-Left,True,0,270.68,,False,Clip Strip,False,Garnier,
AUD00239,2024-11-14,STR1759,D-Mart,Hypermarket,Bangalore,South,Neha Gupta,Pantene,Pantene Anti-Dandruff Shampoo,PAN500ANT21,Anti-Dandruff,500,4,53,7.55,Mid,Left,True,0,192.21,,False,End Cap,True,TRESemmé,
AUD00240,2024-09-06,STR7182,HyperCity,Hypermarket,Delhi,North,Anita Patel,L'Oréal,L'Oréal Repair & Care Shampoo,L'O700REP27,Repair & Care,700,7,45,15.56,Bottom,Left,True,0,572.36,,False,End Cap,True,Pantene,
AUD00241,2024-03-02,STR8247,Daily Needs,Convenience,Ahmedabad,West,Amit Singh,Head & Shoulders,Head & Shoulders Keratin Shampoo,HEA700KER45,Keratin,700,1,55,1.82,Eye Level,Right,True,0,234.85,194.97,True,Clip Strip,False,Garnier,
AUD00242,2024-01-01,STR9544,Spencer's,Supermarket,Surat,West,Priya Sharma,Head & Shoulders,Head & Shoulders Color Protect Shampoo,HEA1000COL65,Color Protect,1000,2,54,3.7,Top,Right,True,0,556.34,,False,Free Standing Display,True,Rejoice,
AUD00243,2024-05-04,STR4315,Reliance Fresh,Supermarket,Jaipur,North,Divya Nair,Dove,Dove Keratin Shampoo,DOV200KER70,Keratin,200,1,56,1.79,Mid,Left,True,0,597.33,546.33,True,Clip Strip,True,Head & Shoulders,
AUD00244,2024-03-13,STR4725,Spencer's,Supermarket,Ahmedabad,West,Priya Sharma,Clinic Plus,Clinic Plus Strengthening Shampoo,CLI700STR88,Strengthening,700,3,20,15.0,Mid,Center,True,0,514.84,,False,End Cap,True,Head & Shoulders,
AUD00245,2024-07-05,STR8626,MedPlus,Pharmacy,Jaipur,North,Rahul Verma,Sunsilk,Sunsilk Moisturizing Shampoo,SUN340MOI16,Moisturizing,340,5,28,17.86,Bottom,Center-Right,True,0,502.89,,False,Gondola End,True,Herbal Essences,
AUD00246,2024-09-20,STR6809,Frank Ross,Pharmacy,Hyderabad,South,Amit Singh,L'Oréal,L'Oréal Volumizing Shampoo,L'O700VOL86,Volumizing,700,4,41,9.76,Top,Center-Left,True,0,210.66,,False,Clip Strip,True,TRESemmé,
AUD00247,2024-07-07,STR7060,More Supermarket,Supermarket,Delhi,North,Anita Patel,Clinic Plus,Clinic Plus Repair & Care Shampoo,CLI500REP74,Repair & Care,500,4,21,19.05,Mid,Center-Left,True,0,146.15,121.57,True,Standard Shelf,True,Rejoice,
AUD00248,2024-12-02,STR4174,7-Eleven,Convenience,Chennai,South,Anita Patel,Clinic Plus,Clinic Plus Charcoal Shampoo,CLI200CHA87,Charcoal,200,1,47,2.13,Top,Left,True,0,634.62,,False,Gondola End,False,Sunsilk,
AUD00249,2024-11-11,STR1554,QuickMart,Convenience,Delhi,North,Anita Patel,Pantene,Pantene Smoothing Shampoo,PAN400SMO14,Smoothing,400,6,55,10.91,Bottom,Center-Right,True,0,304.64,,False,Gondola End,True,Head & Shoulders,
AUD00250,2024-04-22,STR3818,Apollo Pharmacy,Pharmacy,Bangalore,South,Suresh Kumar,Head & Shoulders,Head & Shoulders Strengthening Shampoo,HEA1000STR10,Strengthening,1000,4,42,9.52,Eye Level,Left,True,0,267.63,,False,Gondola End,True,Rejoice,
AUD00251,2024-01-26,STR5477,HyperCity,Hypermarket,Jaipur,North,Suresh Kumar,Sunsilk,Sunsilk Argan Oil Shampoo,SUN200ARG15,Argan Oil,200,2,46,4.35,Top,Center,True,0,627.85,,False,Gondola End,True,Dove,
AUD00252,2024-05-17,STR2820,Frank Ross,Pharmacy,Delhi,North,Neha Gupta,Dove,Dove Argan Oil Shampoo,DOV340ARG81,Argan Oil,340,1,40,2.5,Eye Level,Center-Left,True,0,103.07,,False,Gondola End,False,Sunsilk,
AUD00253,2024-08-10,STR4975,More Supermarket,Supermarket,Chennai,South,Neha Gupta,Garnier,Garnier Smoothing Shampoo,GAR700SMO60,Smoothing,700,3,41,7.32,Top,Center,True,0,191.86,,False,Standard Shelf,True,Sunsilk,
AUD00254,2024-06-12,STR7360,HyperCity,Hypermarket,Bangalore,South,Neha Gupta,Garnier,Garnier Strengthening Shampoo,GAR400STR15,Strengthening,400,6,32,18.75,Bottom,Center-Right,False,14,345.11,,False,Standard Shelf,False,Pantene,
AUD00255,2024-10-26,STR3816,7-Eleven,Convenience,Surat,West,Vikram Rao,L'Oréal,L'Oréal Moisturizing Shampoo,L'O200MOI52,Moisturizing,200,8,35,22.86,Bottom,Center-Right,True,0,98.03,,False,Gondola End,True,Clinic Plus,
AUD00256,2024-11-03,STR4202,Booker,Wholesale,Bangalore,South,Suresh Kumar,Herbal Essences,Herbal Essences Color Protect Shampoo,HER700COL73,Color Protect,700,3,30,10.0,Bottom,Right,False,3,266.75,232.02,True,Standard Shelf,True,Dove,
AUD00257,2024-10-01,STR7418,Frank Ross,Pharmacy,Ahmedabad,West,Suresh Kumar,TRESemmé,TRESemmé Smoothing Shampoo,TRE700SMO58,Smoothing,700,6,35,17.14,Bottom,Right,True,0,576.99,,False,Clip Strip,True,Herbal Essences,
AUD00258,2024-11-12,STR8545,Spencer's,Supermarket,Mumbai,West,Neha Gupta,Clinic Plus,Clinic Plus Argan Oil Shampoo,CLI340ARG23,Argan Oil,340,4,49,8.16,Eye Level,Center-Right,True,0,594.69,,False,Standard Shelf,False,Rejoice,
AUD00259,2024-09-29,STR4334,Reliance Fresh,Supermarket,Hyderabad,South,Priya Sharma,Head & Shoulders,Head & Shoulders Smoothing Shampoo,HEA400SMO78,Smoothing,400,5,25,20.0,Bottom,Center-Left,True,0,631.86,,False,Standard Shelf,True,Garnier,
AUD00260,2024-11-05,STR8180,D-Mart,Hypermarket,Ahmedabad,West,Divya Nair,L'Oréal,L'Oréal Anti-Dandruff Shampoo,L'O700ANT49,Anti-Dandruff,700,5,50,10.0,Top,Center,True,0,276.08,,False,Clip Strip,False,Head & Shoulders,
AUD00261,2024-02-22,STR8209,Costco India,Wholesale,Bangalore,South,Vikram Rao,L'Oréal,L'Oréal Repair & Care Shampoo,L'O400REP68,Repair & Care,400,4,27,14.81,Top,Right,True,0,306.6,,False,Standard Shelf,True,Rejoice,
AUD00262,2024-07-22,STR6853,MedPlus,Pharmacy,Kolkata,East,Rahul Verma,TRESemmé,TRESemmé Argan Oil Shampoo,TRE200ARG44,Argan Oil,200,1,55,1.82,Eye Level,Right,True,0,413.53,349.76,True,End Cap,True,Garnier,
AUD00263,2024-02-26,STR2438,Daily Needs,Convenience,Kolkata,East,Amit Singh,Dove,Dove Anti-Dandruff Shampoo,DOV1000ANT98,Anti-Dandruff,1000,4,24,16.67,Bottom,Center-Left,True,0,130.38,,False,Gondola End,True,Sunsilk,
AUD00264,2024-02-15,STR2235,Reliance Fresh Extra,Hypermarket,Surat,West,Anita Patel,Herbal Essences,Herbal Essences Anti-Dandruff Shampoo,HER340ANT92,Anti-Dandruff,340,4,58,6.9,Top,Right,True,0,354.13,,False,Clip Strip,True,Dove,
AUD00265,2024-05-02,STR6109,7-Eleven,Convenience,Ahmedabad,West,Priya Sharma,Head & Shoulders,Head & Shoulders Repair & Care Shampoo,HEA340REP85,Repair & Care,340,7,58,12.07,Bottom,Center,False,4,240.9,,False,Standard Shelf,True,L'Oréal,
AUD00266,2024-07-21,STR8096,QuickMart,Convenience,Surat,West,Divya Nair,Dove,Dove Anti-Dandruff Shampoo,DOV340ANT62,Anti-Dandruff,340,7,43,16.28,Top,Right,True,0,482.85,,False,Standard Shelf,True,Head & Shoulders,
AUD00267,2024-05-17,STR1804,Reliance Fresh,Supermarket,Hyderabad,South,Suresh Kumar,L'Oréal,L'Oréal Charcoal Shampoo,L'O500CHA45,Charcoal,500,3,33,9.09,Top,Center-Left,True,0,407.48,,False,Clip Strip,True,Garnier,
AUD00268,2024-09-11,STR5141,D-Mart,Hypermarket,Mumbai,West,Rahul Verma,Garnier,Garnier Smoothing Shampoo,GAR700SMO43,Smoothing,700,3,29,10.34,Bottom,Right,True,0,293.12,,False,Clip Strip,False,Sunsilk,
AUD00269,2024-09-15,STR9201,Reliance Fresh,Supermarket,Jaipur,North,Vikram Rao,Garnier,Garnier Strengthening Shampoo,GAR700STR65,Strengthening,700,7,47,14.89,Eye Level,Right,True,0,243.26,,False,Standard Shelf,True,Pantene,
AUD00270,2024-02-15,STR5714,Spencer's,Supermarket,Jaipur,North,Divya Nair,Sunsilk,Sunsilk Color Protect Shampoo,SUN200COL75,Color Protect,200,4,54,7.41,Bottom,Center-Right,True,0,497.39,,False,Clip Strip,True,L'Oréal,
AUD00271,2024-12-28,STR7138,WholesaleMart,Wholesale,Surat,West,Divya Nair,Dove,Dove Repair & Care Shampoo,DOV700REP32,Repair & Care,700,4,56,7.14,Mid,Center-Right,True,0,285.09,268.79,True,End Cap,True,L'Oréal,
AUD00272,2024-02-22,STR6023,WholesaleMart,Wholesale,Kolkata,East,Divya Nair,Garnier,Garnier Smoothing Shampoo,GAR700SMO45,Smoothing,700,3,56,5.36,Mid,Right,True,0,613.24,,False,Gondola End,False,Clinic Plus,
AUD00273,2024-10-09,STR6443,Reliance Fresh,Supermarket,Hyderabad,South,Divya Nair,Dove,Dove Moisturizing Shampoo,DOV400MOI98,Moisturizing,400,4,40,10.0,Eye Level,Center-Left,True,0,166.0,,False,Standard Shelf,True,Sunsilk,
AUD00274,2024-04-17,STR4483,Daily Needs,Convenience,Delhi,North,Vikram Rao,Rejoice,Rejoice Argan Oil Shampoo,REJ400ARG44,Argan Oil,400,1,53,1.89,Eye Level,Left,True,0,201.85,,False,Standard Shelf,False,TRESemmé,
AUD00275,2024-11-06,STR7657,7-Eleven,Convenience,Bangalore,South,Rahul Verma,L'Oréal,L'Oréal Repair & Care Shampoo,L'O400REP51,Repair & Care,400,6,37,16.22,Eye Level,Center-Left,True,0,413.76,,False,Gondola End,True,Herbal Essences,
AUD00276,2024-02-11,STR8085,WholesaleMart,Wholesale,Pune,West,Neha Gupta,Dove,Dove Keratin Shampoo,DOV500KER57,Keratin,500,5,34,14.71,Eye Level,Center-Left,True,0,489.93,,False,Standard Shelf,True,Sunsilk,
AUD00277,2024-02-20,STR9776,Reliance Fresh,Supermarket,Mumbai,West,Anita Patel,Pantene,Pantene Strengthening Shampoo,PAN700STR96,Strengthening,700,8,54,14.81,Top,Left,True,0,228.46,,False,Standard Shelf,True,L'Oréal,
AUD00278,2024-06-17,STR2516,7-Eleven,Convenience,Kolkata,East,Divya Nair,Head & Shoulders,Head & Shoulders Strengthening Shampoo,HEA1000STR26,Strengthening,1000,4,55,7.27,Eye Level,Center-Right,True,0,580.5,550.42,True,Free Standing Display,True,Dove,
AUD00279,2024-03-10,STR2325,Apollo Pharmacy,Pharmacy,Kolkata,East,Neha Gupta,L'Oréal,L'Oréal Moisturizing Shampoo,L'O700MOI21,Moisturizing,700,2,26,7.69,Top,Center-Right,True,0,196.6,,False,End Cap,True,Garnier,
AUD00280,2024-02-03,STR2442,Frank Ross,Pharmacy,Bangalore,South,Rahul Verma,Pantene,Pantene Charcoal Shampoo,PAN400CHA14,Charcoal,400,6,30,20.0,Mid,Right,True,0,603.78,,False,Standard Shelf,True,Garnier,
AUD00281,2024-11-13,STR6220,Reliance Fresh Extra,Hypermarket,Hyderabad,South,Amit Singh,L'Oréal,L'Oréal Keratin Shampoo,L'O1000KER23,Keratin,1000,6,20,30.0,Eye Level,Center,True,0,468.72,,False,Standard Shelf,False,Rejoice,
AUD00282,2024-08-15,STR6902,Costco India,Wholesale,Mumbai,West,Rahul Verma,Head & Shoulders,Head & Shoulders Anti-Dandruff Shampoo,HEA500ANT79,Anti-Dandruff,500,1,41,2.44,Eye Level,Right,True,0,192.7,180.3,True,Gondola End,True,Herbal Essences,
AUD00283,2024-08-15,STR8572,More Supermarket,Supermarket,Mumbai,West,Rahul Verma,L'Oréal,L'Oréal Strengthening Shampoo,L'O1000STR72,Strengthening,1000,5,53,9.43,Bottom,Right,True,0,611.22,501.83,True,End Cap,True,Garnier,
AUD00284,2024-03-19,STR2354,QuickMart,Convenience,Kolkata,East,Anita Patel,Pantene,Pantene Anti-Dandruff Shampoo,PAN500ANT98,Anti-Dandruff,500,5,47,10.64,Eye Level,Center-Right,True,0,321.33,,False,Clip Strip,True,Head & Shoulders,
AUD00285,2024-01-20,STR3820,Metro Cash & Carry,Wholesale,Pune,West,Anita Patel,L'Oréal,L'Oréal Anti-Dandruff Shampoo,L'O340ANT87,Anti-Dandruff,340,5,44,11.36,Eye Level,Right,True,0,278.8,,False,Gondola End,True,TRESemmé,
AUD00286,2024-05-19,STR7185,More Supermarket,Supermarket,Ahmedabad,West,Vikram Rao,Herbal Essences,Herbal Essences Repair & Care Shampoo,HER1000REP58,Repair & Care,1000,8,48,16.67,Mid,Center-Right,True,0,363.63,,False,End Cap,False,Garnier,
AUD00287,2024-06-05,STR4423,7-Eleven,Convenience,Jaipur,North,Priya Sharma,Head & Shoulders,Head & Shoulders Moisturizing Shampoo,HEA200MOI31,Moisturizing,200,8,31,25.81,Mid,Center-Right,True,0,185.16,148.48,True,End Cap,True,Sunsilk,
AUD00288,2024-10-14,STR9337,More Supermarket,Supermarket,Ahmedabad,West,Vikram Rao,Herbal Essences,Herbal Essences Argan Oil Shampoo,HER1000ARG90,Argan Oil,1000,6,24,25.0,Mid,Left,True,0,582.54,,False,Gondola End,True,Clinic Plus,
AUD00289,2024-06-23,STR5378,D-Mart,Hypermarket,Chennai,South,Divya Nair,Garnier,Garnier Smoothing Shampoo,GAR200SMO83,Smoothing,200,2,55,3.64,Mid,Center,True,0,612.05,,False,Standard Shelf,True,Rejoice,
AUD00290,2024-01-03,STR7496,Apollo Pharmacy,Pharmacy,Chennai,South,Priya Sharma,Garnier,Garnier Keratin Shampoo,GAR200KER31,Keratin,200,4,49,8.16,Eye Level,Right,True,0,621.91,498.76,True,End Cap,True,Pantene,
AUD00291,2024-02-02,STR6725,Reliance Fresh,Supermarket,Hyderabad,South,Neha Gupta,Head & Shoulders,Head & Shoulders Smoothing Shampoo,HEA1000SMO33,Smoothing,1000,8,34,23.53,Top,Center-Right,True,0,565.47,512.76,True,Gondola End,True,Dove,
AUD00292,2024-05-06,STR3049,Reliance Fresh Extra,Hypermarket,Hyderabad,South,Rahul Verma,TRESemmé,TRESemmé Volumizing Shampoo,TRE340VOL29,Volumizing,340,3,56,5.36,Bottom,Center-Left,True,0,202.8,,False,Clip Strip,True,L'Oréal,
AUD00293,2024-04-10,STR3719,Booker,Wholesale,Kolkata,East,Anita Patel,Rejoice,Rejoice Argan Oil Shampoo,REJ700ARG35,Argan Oil,700,4,50,8.0,Eye Level,Right,True,0,96.27,,False,Standard Shelf,True,Dove,
AUD00294,2024-07-21,STR7603,D-Mart,Hypermarket,Chennai,South,Suresh Kumar,Rejoice,Rejoice Color Protect Shampoo,REJ400COL85,Color Protect,400,6,40,15.0,Bottom,Right,True,0,393.44,342.42,True,End Cap,False,Sunsilk,
AUD00295,2024-05-11,STR1857,WholesaleMart,Wholesale,Surat,West,Suresh Kumar,L'Oréal,L'Oréal Keratin Shampoo,L'O700KER41,Keratin,700,4,46,8.7,Mid,Left,True,0,504.3,,False,Standard Shelf,False,Rejoice,
AUD00296,2024-11-10,STR1992,Booker,Wholesale,Chennai,South,Neha Gupta,Dove,Dove Argan Oil Shampoo,DOV400ARG50,Argan Oil,400,6,23,26.09,Bottom,Center-Left,True,0,286.61,,False,Standard Shelf,True,TRESemmé,
AUD00297,2024-07-29,STR3461,Daily Needs,Convenience,Chennai,South,Divya Nair,L'Oréal,L'Oréal Anti-Dandruff Shampoo,L'O1000ANT21,Anti-Dandruff,1000,5,56,8.93,Top,Left,True,0,95.6,,False,Free Standing Display,False,Pantene,
AUD00298,2024-08-09,STR7810,Reliance Fresh Extra,Hypermarket,Surat,West,Priya Sharma,Rejoice,Rejoice Charcoal Shampoo,REJ1000CHA51,Charcoal,1000,4,57,7.02,Top,Right,True,0,88.91,73.92,True,Free Standing Display,True,Garnier,
AUD00299,2024-10-24,STR2907,Wellness Forever,Pharmacy,Jaipur,North,Priya Sharma,TRESemmé,TRESemmé Charcoal Shampoo,TRE200CHA47,Charcoal,200,5,50,10.0,Top,Center-Left,True,0,440.38,,False,Free Standing Display,True,Rejoice,
AUD00300,2024-11-16,STR3561,BigBazaar,Hypermarket,Mumbai,West,Divya Nair,Sunsilk,Sunsilk Moisturizing Shampoo,SUN400MOI17,Moisturizing,400,5,45,11.11,Eye Level,Left,True,0,549.3,,False,Standard Shelf,True,TRESemmé,
AUD00301,2024-10-07,STR9454,Wellness Forever,Pharmacy,Chennai,South,Priya Sharma,Head & Shoulders,Head & Shoulders Argan Oil Shampoo,HEA200ARG69,Argan Oil,200,3,38,7.89,Eye Level,Center-Right,True,0,461.21,,False,Free Standing Display,True,Clinic Plus,
AUD00302,2024-08-22,STR2037,Reliance Fresh,Supermarket,Pune,West,Vikram Rao,TRESemmé,TRESemmé Anti-Dandruff Shampoo,TRE400ANT66,Anti-Dandruff,400,7,49,14.29,Bottom,Right,True,0,176.74,,False,Clip Strip,True,L'Oréal,
AUD00303,2024-04-22,STR1087,Nature's Basket,Supermarket,Bangalore,South,Divya Nair,Herbal Essences,Herbal Essences Charcoal Shampoo,HER400CHA95,Charcoal,400,3,36,8.33,Eye Level,Center-Left,True,0,376.86,,False,End Cap,False,Head & Shoulders,
AUD00304,2024-08-18,STR1579,Nature's Basket,Supermarket,Mumbai,West,Neha Gupta,L'Oréal,L'Oréal Anti-Dandruff Shampoo,L'O1000ANT79,Anti-Dandruff,1000,5,29,17.24,Top,Right,True,0,483.41,,False,Free Standing Display,True,Pantene,
AUD00305,2024-12-21,STR8216,Spencer's,Supermarket,Pune,West,Amit Singh,Pantene,Pantene Argan Oil Shampoo,PAN200ARG36,Argan Oil,200,5,42,11.9,Eye Level,Center-Right,True,0,349.22,,False,Standard Shelf,True,TRESemmé,
AUD00306,2024-01-18,STR7463,Apollo Pharmacy,Pharmacy,Bangalore,South,Priya Sharma,Rejoice,Rejoice Moisturizing Shampoo,REJ1000MOI22,Moisturizing,1000,4,38,10.53,Top,Right,True,0,481.51,,False,Standard Shelf,True,Pantene,
AUD00307,2024-09-27,STR9883,Frank Ross,Pharmacy,Surat,West,Anita Patel,Head & Shoulders,Head & Shoulders Strengthening Shampoo,HEA700STR55,Strengthening,700,6,21,28.57,Mid,Center-Left,True,0,558.52,,False,End Cap,True,Sunsilk,
AUD00308,2024-09-12,STR2960,HyperCity,Hypermarket,Bangalore,South,Divya Nair,Herbal Essences,Herbal Essences Argan Oil Shampoo,HER500ARG52,Argan Oil,500,4,21,19.05,Bottom,Center,True,0,508.73,,False,Standard Shelf,True,Pantene,
AUD00309,2024-11-02,STR5796,Metro Cash & Carry,Wholesale,Jaipur,North,Amit Singh,L'Oréal,L'Oréal Color Protect Shampoo,L'O340COL11,Color Protect,340,5,50,10.0,Eye Level,Center,True,0,489.62,,False,End Cap,True,Pantene,
AUD00310,2024-06-23,STR9928,WholesaleMart,Wholesale,Delhi,North,Neha Gupta,Garnier,Garnier Color Protect Shampoo,GAR340COL40,Color Protect,340,7,51,13.73,Top,Left,False,5,530.83,,False,End Cap,False,TRESemmé,
AUD00311,2024-12-04,STR4828,Spencer's,Supermarket,Hyderabad,South,Divya Nair,L'Oréal,L'Oréal Charcoal Shampoo,L'O500CHA98,Charcoal,500,7,40,17.5,Mid,Center-Right,True,0,456.14,373.97,True,Standard Shelf,True,Clinic Plus,
AUD00312,2024-08-25,STR3338,More Supermarket,Supermarket,Bangalore,South,Neha Gupta,Pantene,Pantene Argan Oil Shampoo,PAN400ARG49,Argan Oil,400,3,59,5.08,Bottom,Right,True,0,382.01,,False,End Cap,False,Clinic Plus,
AUD00313,2024-04-29,STR9732,Daily Needs,Convenience,Mumbai,West,Neha Gupta,TRESemmé,TRESemmé Charcoal Shampoo,TRE500CHA54,Charcoal,500,6,36,16.67,Eye Level,Right,True,0,117.6,103.46,True,Free Standing Display,True,Clinic Plus,
AUD00314,2024-06-13,STR7774,WholesaleMart,Wholesale,Delhi,North,Vikram Rao,TRESemmé,TRESemmé Charcoal Shampoo,TRE700CHA53,Charcoal,700,3,25,12.0,Mid,Center-Left,True,0,323.86,261.52,True,End Cap,True,Pantene,
AUD00315,2024-06-24,STR1137,Metro Cash & Carry,Wholesale,Ahmedabad,West,Neha Gupta,Dove,Dove Strengthening Shampoo,DOV340STR20,Strengthening,340,8,49,16.33,Bottom,Center-Left,True,0,542.35,,False,Free Standing Display,True,Rejoice,
AUD00316,2024-02-20,STR6782,Apollo Pharmacy,Pharmacy,Delhi,North,Anita Patel,Head & Shoulders,Head & Shoulders Smoothing Shampoo,HEA340SMO86,Smoothing,340,2,59,3.39,Bottom,Center-Left,True,0,516.11,442.72,True,Clip Strip,False,Sunsilk,
AUD00317,2024-08-14,STR4625,Reliance Fresh,Supermarket,Pune,West,Anita Patel,Rejoice,Rejoice Color Protect Shampoo,REJ400COL77,Color Protect,400,5,57,8.77,Top,Center,True,0,514.69,,False,Standard Shelf,True,Pantene,
AUD00318,2024-09-30,STR5772,HyperCity,Hypermarket,Bangalore,South,Anita Patel,Clinic Plus,Clinic Plus Volumizing Shampoo,CLI1000VOL51,Volumizing,1000,1,52,1.92,Mid,Right,True,0,352.44,,False,Standard Shelf,True,Garnier,
AUD00319,2024-04-02,STR8644,More Supermarket,Supermarket,Pune,West,Rahul Verma,TRESemmé,TRESemmé Color Protect Shampoo,TRE1000COL84,Color Protect,1000,5,26,19.23,Bottom,Center-Left,False,7,158.27,,False,Free Standing Display,True,Rejoice,
AUD00320,2024-10-03,STR7174,WholesaleMart,Wholesale,Ahmedabad,West,Divya Nair,Garnier,Garnier Repair & Care Shampoo,GAR340REP58,Repair & Care,340,8,29,27.59,Top,Center,False,11,342.2,274.77,True,Gondola End,True,L'Oréal,
AUD00321,2024-08-30,STR9091,Nature's Basket,Supermarket,Pune,West,Suresh Kumar,Dove,Dove Strengthening Shampoo,DOV340STR12,Strengthening,340,6,39,15.38,Bottom,Center-Right,True,0,405.6,,False,Standard Shelf,True,Head & Shoulders,
AUD00322,2024-03-30,STR5247,Reliance Fresh Extra,Hypermarket,Surat,West,Divya Nair,Herbal Essences,Herbal Essences Keratin Shampoo,HER1000KER49,Keratin,1000,5,22,22.73,Top,Left,True,0,405.12,,False,Standard Shelf,True,Pantene,
AUD00323,2024-12-13,STR7385,In & Out,Convenience,Kolkata,East,Priya Sharma,TRESemmé,TRESemmé Color Protect Shampoo,TRE400COL35,Color Protect,400,8,49,16.33,Top,Right,True,0,475.24,,False,Standard Shelf,True,Rejoice,
AUD00324,2024-03-08,STR9497,Apollo Pharmacy,Pharmacy,Jaipur,North,Amit Singh,Rejoice,Rejoice Argan Oil Shampoo,REJ200ARG24,Argan Oil,200,8,44,18.18,Eye Level,Center-Left,True,0,646.91,593.63,True,Free Standing Display,False,L'Oréal,
AUD00325,2024-06-25,STR7495,Metro Cash & Carry,Wholesale,Delhi,North,Rahul Verma,Sunsilk,Sunsilk Strengthening Shampoo,SUN340STR14,Strengthening,340,5,43,11.63,Eye Level,Center-Left,True,0,467.31,,False,Free Standing Display,True,L'Oréal,
AUD00326,2024-12-09,STR5490,In & Out,Convenience,Bangalore,South,Vikram Rao,Sunsilk,Sunsilk Strengthening Shampoo,SUN200STR67,Strengthening,200,7,58,12.07,Mid,Center-Right,True,0,401.47,378.95,True,Standard Shelf,True,Clinic Plus,
AUD00327,2024-06-26,STR9194,QuickMart,Convenience,Jaipur,North,Suresh Kumar,Pantene,Pantene Smoothing Shampoo,PAN400SMO36,Smoothing,400,5,45,11.11,Top,Center-Left,True,0,556.05,527.14,True,Standard Shelf,False,L'Oréal,
AUD00328,2024-08-20,STR8663,Reliance Fresh,Supermarket,Jaipur,North,Divya Nair,Sunsilk,Sunsilk Keratin Shampoo,SUN1000KER34,Keratin,1000,2,41,4.88,Mid,Center-Right,True,0,445.2,,False,End Cap,True,Garnier,
AUD00329,2024-01-08,STR8155,Daily Needs,Convenience,Surat,West,Rahul Verma,Sunsilk,Sunsilk Volumizing Shampoo,SUN700VOL63,Volumizing,700,5,55,9.09,Top,Center-Right,True,0,325.22,266.81,True,Gondola End,True,Dove,
AUD00330,2024-05-06,STR2439,Reliance Fresh,Supermarket,Jaipur,North,Neha Gupta,Garnier,Garnier Strengthening Shampoo,GAR700STR72,Strengthening,700,3,58,5.17,Top,Right,True,0,233.44,,False,Free Standing Display,True,Dove,
AUD00331,2024-11-07,STR4158,D-Mart,Hypermarket,Mumbai,West,Divya Nair,Dove,Dove Keratin Shampoo,DOV500KER82,Keratin,500,3,22,13.64,Top,Left,True,0,80.72,66.22,True,End Cap,False,Head & Shoulders,
AUD00332,2024-01-30,STR4392,Daily Needs,Convenience,Surat,West,Suresh Kumar,Garnier,Garnier Volumizing Shampoo,GAR200VOL34,Volumizing,200,1,50,2.0,Eye Level,Center,True,0,215.05,,False,End Cap,True,Head & Shoulders,
AUD00333,2024-08-29,STR7500,Booker,Wholesale,Jaipur,North,Neha Gupta,TRESemmé,TRESemmé Smoothing Shampoo,TRE1000SMO68,Smoothing,1000,7,36,19.44,Bottom,Left,True,0,186.41,165.58,True,End Cap,True,Garnier,
AUD00334,2024-09-28,STR9032,Booker,Wholesale,Bangalore,South,Priya Sharma,Herbal Essences,Herbal Essences Volumizing Shampoo,HER200VOL17,Volumizing,200,5,29,17.24,Eye Level,Right,True,0,133.57,,False,Gondola End,True,Garnier,
AUD00335,2024-07-02,STR8079,Wellness Forever,Pharmacy,Jaipur,North,Divya Nair,TRESemmé,TRESemmé Keratin Shampoo,TRE500KER46,Keratin,500,6,36,16.67,Top,Center-Right,False,5,183.61,,False,Standard Shelf,True,L'Oréal,
AUD00336,2024-09-18,STR2298,QuickMart,Convenience,Pune,West,Suresh Kumar,Pantene,Pantene Moisturizing Shampoo,PAN500MOI44,Moisturizing,500,5,31,16.13,Mid,Center-Left,True,0,118.38,102.28,True,Standard Shelf,False,Garnier,
AUD00337,2024-03-07,STR8746,Costco India,Wholesale,Ahmedabad,West,Rahul Verma,Garnier,Garnier Color Protect Shampoo,GAR340COL51,Color Protect,340,5,26,19.23,Mid,Left,True,0,212.14,,False,Standard Shelf,False,Head & Shoulders,
AUD00338,2024-08-26,STR6352,Booker,Wholesale,Mumbai,West,Divya Nair,TRESemmé,TRESemmé Anti-Dandruff Shampoo,TRE400ANT52,Anti-Dandruff,400,5,37,13.51,Mid,Left,True,0,124.91,,False,Free Standing Display,False,Sunsilk,
AUD00339,2024-11-15,STR9384,Spencer's,Supermarket,Jaipur,North,Anita Patel,Herbal Essences,Herbal Essences Keratin Shampoo,HER200KER94,Keratin,200,1,31,3.23,Eye Level,Center,True,0,546.68,,False,Standard Shelf,True,Sunsilk,
AUD00340,2024-06-16,STR5938,7-Eleven,Convenience,Jaipur,North,Rahul Verma,Herbal Essences,Herbal Essences Strengthening Shampoo,HER1000STR70,Strengthening,1000,1,57,1.75,Bottom,Center-Right,True,0,188.89,163.85,True,Gondola End,True,Garnier,
AUD00341,2024-04-30,STR9179,Apollo Pharmacy,Pharmacy,Mumbai,West,Priya Sharma,Clinic Plus,Clinic Plus Strengthening Shampoo,CLI200STR79,Strengthening,200,6,58,10.34,Bottom,Center-Left,True,0,107.89,93.54,True,Gondola End,True,Rejoice,
AUD00342,2024-07-23,STR3674,Costco India,Wholesale,Mumbai,West,Vikram Rao,TRESemmé,TRESemmé Color Protect Shampoo,TRE340COL55,Color Protect,340,5,30,16.67,Eye Level,Center-Right,True,0,500.94,422.71,True,Clip Strip,True,Dove,
AUD00343,2024-09-01,STR5423,QuickMart,Convenience,Hyderabad,South,Amit Singh,TRESemmé,TRESemmé Color Protect Shampoo,TRE700COL87,Color Protect,700,1,26,3.85,Mid,Center,True,0,444.42,416.98,True,End Cap,True,Herbal Essences,
AUD00344,2024-12-07,STR3413,7-Eleven,Convenience,Chennai,South,Neha Gupta,Clinic Plus,Clinic Plus Moisturizing Shampoo,CLI500MOI78,Moisturizing,500,7,58,12.07,Top,Center-Right,True,0,544.22,,False,Gondola End,False,Pantene,
AUD00345,2024-05-11,STR8822,Daily Needs,Convenience,Bangalore,South,Anita Patel,Clinic Plus,Clinic Plus Strengthening Shampoo,CLI400STR89,Strengthening,400,4,59,6.78,Mid,Center-Right,True,0,100.56,,False,Free Standing Display,True,Herbal Essences,
AUD00346,2024-10-12,STR1233,QuickMart,Convenience,Hyderabad,South,Suresh Kumar,Rejoice,Rejoice Charcoal Shampoo,REJ1000CHA44,Charcoal,1000,3,50,6.0,Eye Level,Center-Left,True,0,195.41,,False,Gondola End,True,Herbal Essences,
AUD00347,2024-06-28,STR7854,QuickMart,Convenience,Bangalore,South,Amit Singh,Dove,Dove Moisturizing Shampoo,DOV1000MOI41,Moisturizing,1000,5,47,10.64,Eye Level,Center,True,0,591.1,558.24,True,Free Standing Display,True,TRESemmé,
AUD00348,2024-12-19,STR5599,Booker,Wholesale,Surat,West,Rahul Verma,Garnier,Garnier Moisturizing Shampoo,GAR700MOI73,Moisturizing,700,7,23,30.43,Bottom,Center,True,0,483.05,,False,Gondola End,True,Dove,
AUD00349,2024-10-31,STR7962,HyperCity,Hypermarket,Jaipur,North,Amit Singh,Herbal Essences,Herbal Essences Charcoal Shampoo,HER500CHA10,Charcoal,500,6,47,12.77,Eye Level,Center,True,0,646.38,,False,Gondola End,False,Rejoice,
AUD00350,2024-08-15,STR4627,QuickMart,Convenience,Jaipur,North,Rahul Verma,TRESemmé,TRESemmé Strengthening Shampoo,TRE200STR52,Strengthening,200,2,35,5.71,Bottom,Center-Right,True,0,100.94,,False,Standard Shelf,True,Dove,
AUD00351,2024-05-24,STR2565,QuickMart,Convenience,Chennai,South,Amit Singh,Herbal Essences,Herbal Essences Repair & Care Shampoo,HER1000REP27,Repair & Care,1000,7,48,14.58,Mid,Right,True,0,185.26,,False,Free Standing Display,True,Sunsilk,
AUD00352,2024-09-06,STR3350,Nature's Basket,Supermarket,Hyderabad,South,Anita Patel,TRESemmé,TRESemmé Color Protect Shampoo,TRE400COL42,Color Protect,400,6,32,18.75,Eye Level,Center-Left,False,9,315.56,,False,Clip Strip,True,Head & Shoulders,
AUD00353,2024-08-16,STR8272,More Supermarket,Supermarket,Bangalore,South,Neha Gupta,Rejoice,Rejoice Charcoal Shampoo,REJ500CHA25,Charcoal,500,4,24,16.67,Top,Center-Right,True,0,605.39,,False,Gondola End,True,Pantene,
AUD00354,2024-04-29,STR4172,Apollo Pharmacy,Pharmacy,Bangalore,South,Vikram Rao,Dove,Dove Repair & Care Shampoo,DOV500REP26,Repair & Care,500,2,20,10.0,Mid,Center-Left,True,0,562.05,,False,End Cap,True,Garnier,
AUD00355,2024-03-29,STR9580,In & Out,Convenience,Ahmedabad,West,Rahul Verma,TRESemmé,TRESemmé Charcoal Shampoo,TRE700CHA24,Charcoal,700,6,49,12.24,Eye Level,Center-Right,True,0,448.12,,False,End Cap,True,Clinic Plus,
AUD00356,2024-10-08,STR9189,7-Eleven,Convenience,Hyderabad,South,Suresh Kumar,Pantene,Pantene Volumizing Shampoo,PAN700VOL52,Volumizing,700,3,58,5.17,Bottom,Right,True,0,106.99,,False,Free Standing Display,True,TRESemmé,
AUD00357,2024-11-20,STR6768,Nature's Basket,Supermarket,Kolkata,East,Anita Patel,Clinic Plus,Clinic Plus Smoothing Shampoo,CLI700SMO78,Smoothing,700,1,53,1.89,Top,Right,False,8,345.78,,False,Standard Shelf,True,Herbal Essences,
AUD00358,2024-04-26,STR3032,Daily Needs,Convenience,Hyderabad,South,Priya Sharma,Garnier,Garnier Anti-Dandruff Shampoo,GAR200ANT17,Anti-Dandruff,200,6,31,19.35,Bottom,Right,True,0,244.23,,False,Gondola End,True,Pantene,
AUD00359,2024-05-26,STR9484,BigBazaar,Hypermarket,Kolkata,East,Neha Gupta,Sunsilk,Sunsilk Charcoal Shampoo,SUN340CHA53,Charcoal,340,4,46,8.7,Mid,Right,True,0,299.1,,False,Standard Shelf,False,Clinic Plus,
AUD00360,2024-08-16,STR6429,HyperCity,Hypermarket,Kolkata,East,Priya Sharma,Garnier,Garnier Color Protect Shampoo,GAR500COL32,Color Protect,500,3,55,5.45,Mid,Center-Left,True,0,271.27,255.33,True,Standard Shelf,True,Clinic Plus,
AUD00361,2024-04-18,STR8607,Metro Cash & Carry,Wholesale,Bangalore,South,Amit Singh,Head & Shoulders,Head & Shoulders Argan Oil Shampoo,HEA1000ARG18,Argan Oil,1000,2,49,4.08,Eye Level,Left,True,0,276.22,230.7,True,Clip Strip,True,Herbal Essences,
AUD00362,2024-10-05,STR3120,Apollo Pharmacy,Pharmacy,Hyderabad,South,Amit Singh,TRESemmé,TRESemmé Argan Oil Shampoo,TRE1000ARG89,Argan Oil,1000,1,50,2.0,Mid,Center,True,0,559.87,497.25,True,Standard Shelf,True,Garnier,
AUD00363,2024-04-02,STR7219,HyperCity,Hypermarket,Jaipur,North,Vikram Rao,Pantene,Pantene Anti-Dandruff Shampoo,PAN500ANT39,Anti-Dandruff,500,7,47,14.89,Eye Level,Center-Left,True,0,298.15,,False,Clip Strip,True,Herbal Essences,
AUD00364,2024-07-25,STR5053,Apollo Pharmacy,Pharmacy,Kolkata,East,Suresh Kumar,TRESemmé,TRESemmé Moisturizing Shampoo,TRE500MOI13,Moisturizing,500,4,59,6.78,Bottom,Center-Right,True,0,195.55,,False,End Cap,False,Head & Shoulders,
AUD00365,2024-04-28,STR8440,MedPlus,Pharmacy,Surat,West,Divya Nair,Dove,Dove Color Protect Shampoo,DOV1000COL46,Color Protect,1000,4,35,11.43,Top,Center-Right,True,0,118.93,,False,Standard Shelf,True,Herbal Essences,
AUD00366,2024-06-15,STR3241,MedPlus,Pharmacy,Bangalore,South,Vikram Rao,Clinic Plus,Clinic Plus Charcoal Shampoo,CLI400CHA84,Charcoal,400,1,38,2.63,Top,Left,True,0,505.59,,False,Free Standing Display,False,Rejoice,
AUD00367,2024-03-13,STR5753,HyperCity,Hypermarket,Bangalore,South,Anita Patel,Clinic Plus,Clinic Plus Keratin Shampoo,CLI500KER98,Keratin,500,1,33,3.03,Bottom,Right,True,0,160.18,,False,Standard Shelf,False,Sunsilk,
AUD00368,2024-02-25,STR1231,In & Out,Convenience,Bangalore,South,Neha Gupta,Dove,Dove Keratin Shampoo,DOV340KER11,Keratin,340,2,23,8.7,Bottom,Center-Right,True,0,647.44,,False,Clip Strip,True,L'Oréal,
AUD00369,2024-01-18,STR8005,QuickMart,Convenience,Hyderabad,South,Rahul Verma,Herbal Essences,Herbal Essences Smoothing Shampoo,HER400SMO15,Smoothing,400,7,23,30.43,Eye Level,Center-Right,True,0,643.72,,False,Standard Shelf,False,Head & Shoulders,
AUD00370,2024-07-24,STR1252,Wellness Forever,Pharmacy,Bangalore,South,Vikram Rao,Sunsilk,Sunsilk Moisturizing Shampoo,SUN500MOI64,Moisturizing,500,2,39,5.13,Top,Center-Left,True,0,205.6,,False,Standard Shelf,False,Herbal Essences,
AUD00371,2024-02-09,STR1777,Frank Ross,Pharmacy,Kolkata,East,Vikram Rao,TRESemmé,TRESemmé Repair & Care Shampoo,TRE200REP71,Repair & Care,200,2,58,3.45,Top,Center,True,0,344.1,,False,Standard Shelf,True,Dove,
AUD00372,2024-11-17,STR4882,QuickMart,Convenience,Pune,West,Suresh Kumar,Pantene,Pantene Moisturizing Shampoo,PAN1000MOI13,Moisturizing,1000,4,48,8.33,Top,Center,True,0,197.18,168.29,True,Clip Strip,False,Rejoice,
AUD00373,2024-02-08,STR5032,Apollo Pharmacy,Pharmacy,Bangalore,South,Divya Nair,Garnier,Garnier Volumizing Shampoo,GAR500VOL41,Volumizing,500,3,46,6.52,Eye Level,Center,True,0,508.82,,False,Free Standing Display,True,L'Oréal,
AUD00374,2024-01-13,STR4328,Reliance Fresh Extra,Hypermarket,Chennai,South,Amit Singh,Rejoice,Rejoice Argan Oil Shampoo,REJ1000ARG56,Argan Oil,1000,7,45,15.56,Bottom,Center-Left,True,0,246.97,,False,Clip Strip,True,L'Oréal,
AUD00375,2024-04-23,STR5729,Frank Ross,Pharmacy,Chennai,South,Rahul Verma,TRESemmé,TRESemmé Strengthening Shampoo,TRE1000STR35,Strengthening,1000,6,30,20.0,Top,Center-Right,True,0,113.29,,False,Standard Shelf,True,Dove,
AUD00376,2024-05-30,STR4013,Booker,Wholesale,Hyderabad,South,Divya Nair,Herbal Essences,Herbal Essences Keratin Shampoo,HER200KER82,Keratin,200,2,41,4.88,Mid,Center-Left,True,0,189.61,,False,Standard Shelf,True,Head & Shoulders,
AUD00377,2024-07-09,STR2224,Metro Cash & Carry,Wholesale,Delhi,North,Anita Patel,Dove,Dove Keratin Shampoo,DOV340KER96,Keratin,340,7,57,12.28,Eye Level,Center-Left,True,0,414.32,,False,Gondola End,False,Rejoice,
AUD00378,2024-05-11,STR1862,Costco India,Wholesale,Mumbai,West,Priya Sharma,L'Oréal,L'Oréal Volumizing Shampoo,L'O500VOL33,Volumizing,500,4,23,17.39,Top,Center-Left,True,0,433.48,,False,Clip Strip,True,Clinic Plus,
AUD00379,2024-01-23,STR4133,Nature's Basket,Supermarket,Ahmedabad,West,Divya Nair,Pantene,Pantene Argan Oil Shampoo,PAN1000ARG86,Argan Oil,1000,5,58,8.62,Mid,Center,True,0,193.37,,False,Clip Strip,False,Rejoice,
AUD00380,2024-11-26,STR8579,HyperCity,Hypermarket,Mumbai,West,Anita Patel,TRESemmé,TRESemmé Repair & Care Shampoo,TRE1000REP64,Repair & Care,1000,6,25,24.0,Mid,Center-Right,True,0,602.75,,False,Standard Shelf,False,Herbal Essences,
AUD00381,2024-04-13,STR1453,Nature's Basket,Supermarket,Surat,West,Divya Nair,Clinic Plus,Clinic Plus Smoothing Shampoo,CLI400SMO67,Smoothing,400,2,37,5.41,Top,Center-Right,True,0,266.16,,False,Gondola End,True,Sunsilk,
AUD00382,2024-11-18,STR7564,Wellness Forever,Pharmacy,Jaipur,North,Priya Sharma,Sunsilk,Sunsilk Moisturizing Shampoo,SUN200MOI50,Moisturizing,200,5,43,11.63,Bottom,Center-Left,True,0,486.42,447.73,True,Free Standing Display,True,TRESemmé,
AUD00383,2024-04-23,STR6762,Spencer's,Supermarket,Mumbai,West,Neha Gupta,Herbal Essences,Herbal Essences Repair & Care Shampoo,HER1000REP28,Repair & Care,1000,3,39,7.69,Mid,Center-Right,True,0,121.83,108.86,True,Gondola End,True,Dove,
AUD00384,2024-01-30,STR3893,Spencer's,Supermarket,Chennai,South,Rahul Verma,Pantene,Pantene Moisturizing Shampoo,PAN340MOI20,Moisturizing,340,8,29,27.59,Mid,Center-Right,True,0,113.77,92.95,True,Gondola End,False,Herbal Essences,
AUD00385,2024-03-28,STR2333,Frank Ross,Pharmacy,Bangalore,South,Priya Sharma,Dove,Dove Color Protect Shampoo,DOV1000COL33,Color Protect,1000,4,41,9.76,Eye Level,Left,True,0,238.98,,False,Clip Strip,False,Garnier,
AUD00386,2024-01-08,STR3825,Wellness Forever,Pharmacy,Bangalore,South,Divya Nair,Clinic Plus,Clinic Plus Volumizing Shampoo,CLI700VOL57,Volumizing,700,8,35,22.86,Mid,Center-Left,True,0,178.03,148.58,True,End Cap,True,Herbal Essences,
AUD00387,2024-06-15,STR2358,Spencer's,Supermarket,Ahmedabad,West,Neha Gupta,TRESemmé,TRESemmé Smoothing Shampoo,TRE400SMO56,Smoothing,400,6,23,26.09,Bottom,Center-Right,True,0,559.98,455.51,True,Standard Shelf,True,Clinic Plus,
AUD00388,2024-05-02,STR3776,HyperCity,Hypermarket,Chennai,South,Rahul Verma,Herbal Essences,Herbal Essences Color Protect Shampoo,HER1000COL15,Color Protect,1000,8,60,13.33,Eye Level,Center-Right,True,0,306.09,,False,Clip Strip,True,Dove,
AUD00389,2024-11-14,STR3715,WholesaleMart,Wholesale,Hyderabad,South,Anita Patel,Dove,Dove Smoothing Shampoo,DOV500SMO44,Smoothing,500,1,32,3.12,Top,Center,True,0,178.32,,False,Gondola End,False,Sunsilk,
AUD00390,2024-01-08,STR9799,More Supermarket,Supermarket,Kolkata,East,Amit Singh,Garnier,Garnier Keratin Shampoo,GAR400KER92,Keratin,400,3,54,5.56,Mid,Center,True,0,191.59,,False,Standard Shelf,True,L'Oréal,
AUD00391,2024-12-28,STR1424,Booker,Wholesale,Hyderabad,South,Rahul Verma,Garnier,Garnier Volumizing Shampoo,GAR700VOL44,Volumizing,700,4,27,14.81,Top,Right,True,0,567.65,467.83,True,Standard Shelf,True,TRESemmé,
AUD00392,2024-05-15,STR6258,In & Out,Convenience,Chennai,South,Vikram Rao,Rejoice,Rejoice Color Protect Shampoo,REJ340COL33,Color Protect,340,2,35,5.71,Eye Level,Center-Right,True,0,584.33,,False,Standard Shelf,True,Herbal Essences,
AUD00393,2024-12-23,STR3719,Frank Ross,Pharmacy,Bangalore,South,Neha Gupta,Herbal Essences,Herbal Essences Repair & Care Shampoo,HER500REP66,Repair & Care,500,2,27,7.41,Bottom,Center-Right,True,0,601.61,,False,Gondola End,True,Garnier,
AUD00394,2024-01-04,STR1616,Costco India,Wholesale,Ahmedabad,West,Rahul Verma,Herbal Essences,Herbal Essences Moisturizing Shampoo,HER400MOI13,Moisturizing,400,5,40,12.5,Mid,Center-Left,True,0,256.4,,False,Clip Strip,True,Dove,
AUD00395,2024-10-31,STR1934,Daily Needs,Convenience,Mumbai,West,Anita Patel,Clinic Plus,Clinic Plus Color Protect Shampoo,CLI700COL10,Color Protect,700,7,54,12.96,Mid,Center,True,0,335.26,,False,Free Standing Display,True,Head & Shoulders,
AUD00396,2024-04-14,STR7996,QuickMart,Convenience,Pune,West,Amit Singh,Head & Shoulders,Head & Shoulders Strengthening Shampoo,HEA200STR87,Strengthening,200,5,24,20.83,Top,Center-Left,False,7,150.23,,False,End Cap,False,Garnier,
AUD00397,2024-05-01,STR6059,More Supermarket,Supermarket,Jaipur,North,Amit Singh,Garnier,Garnier Argan Oil Shampoo,GAR340ARG30,Argan Oil,340,7,33,21.21,Eye Level,Right,True,0,510.39,,False,Gondola End,True,Herbal Essences,
AUD00398,2024-05-20,STR6338,QuickMart,Convenience,Surat,West,Vikram Rao,Rejoice,Rejoice Anti-Dandruff Shampoo,REJ500ANT52,Anti-Dandruff,500,6,56,10.71,Eye Level,Left,True,0,587.64,524.04,True,Free Standing Display,False,Head & Shoulders,
AUD00399,2024-09-02,STR4467,MedPlus,Pharmacy,Jaipur,North,Anita Patel,Herbal Essences,Herbal Essences Argan Oil Shampoo,HER700ARG14,Argan Oil,700,3,30,10.0,Top,Center,True,0,394.23,,False,End Cap,True,Dove,
AUD00400,2024-03-14,STR7066,MedPlus,Pharmacy,Chennai,South,Priya Sharma,Pantene,Pantene Anti-Dandruff Shampoo,PAN200ANT16,Anti-Dandruff,200,5,30,16.67,Top,Center-Left,True,0,262.88,,False,Free Standing Display,True,Head & Shoulders,
AUD00401,2024-08-13,STR1815,Metro Cash & Carry,Wholesale,Ahmedabad,West,Rahul Verma,Herbal Essences,Herbal Essences Anti-Dandruff Shampoo,HER400ANT19,Anti-Dandruff,400,5,32,15.62,Bottom,Center,True,0,520.02,,False,Standard Shelf,True,Clinic Plus,
AUD00402,2024-10-20,STR9884,More Supermarket,Supermarket,Bangalore,South,Priya Sharma,Head & Shoulders,Head & Shoulders Argan Oil Shampoo,HEA500ARG62,Argan Oil,500,6,36,16.67,Eye Level,Left,False,14,238.49,225.74,True,Gondola End,True,Garnier,
AUD00403,2024-10-09,STR3859,D-Mart,Hypermarket,Chennai,South,Rahul Verma,Rejoice,Rejoice Argan Oil Shampoo,REJ700ARG78,Argan Oil,700,6,35,17.14,Eye Level,Center,True,0,618.16,,False,Standard Shelf,True,Clinic Plus,
AUD00404,2024-03-11,STR8519,D-Mart,Hypermarket,Delhi,North,Vikram Rao,TRESemmé,TRESemmé Smoothing Shampoo,TRE400SMO37,Smoothing,400,5,33,15.15,Eye Level,Right,True,0,552.32,,False,Clip Strip,True,Garnier,
AUD00405,2024-03-07,STR4095,Costco India,Wholesale,Kolkata,East,Anita Patel,Pantene,Pantene Smoothing Shampoo,PAN700SMO91,Smoothing,700,6,31,19.35,Top,Right,True,0,346.38,,False,End Cap,True,Dove,
AUD00406,2024-01-08,STR8977,More Supermarket,Supermarket,Delhi,North,Anita Patel,Clinic Plus,Clinic Plus Anti-Dandruff Shampoo,CLI340ANT27,Anti-Dandruff,340,5,44,11.36,Eye Level,Right,True,0,277.92,,False,Gondola End,True,Sunsilk,
AUD00407,2024-09-16,STR1886,QuickMart,Convenience,Pune,West,Anita Patel,Head & Shoulders,Head & Shoulders Smoothing Shampoo,HEA200SMO70,Smoothing,200,4,45,8.89,Bottom,Center,True,0,212.88,,False,Clip Strip,True,Garnier,
AUD00408,2024-06-28,STR7522,Spencer's,Supermarket,Surat,West,Neha Gupta,Herbal Essences,Herbal Essences Argan Oil Shampoo,HER500ARG94,Argan Oil,500,6,51,11.76,Bottom,Center-Left,False,9,515.61,419.6,True,Standard Shelf,False,L'Oréal,
AUD00409,2024-07-30,STR8732,Wellness Forever,Pharmacy,Mumbai,West,Amit Singh,Garnier,Garnier Keratin Shampoo,GAR1000KER13,Keratin,1000,4,41,9.76,Eye Level,Left,True,0,609.68,567.35,True,Clip Strip,True,Head & Shoulders,
AUD00410,2024-07-02,STR7155,Reliance Fresh,Supermarket,Delhi,North,Anita Patel,Dove,Dove Smoothing Shampoo,DOV1000SMO32,Smoothing,1000,7,59,11.86,Bottom,Left,False,13,509.72,,False,Clip Strip,True,Herbal Essences,
AUD00411,2024-12-25,STR5221,Spencer's,Supermarket,Kolkata,East,Divya Nair,Sunsilk,Sunsilk Smoothing Shampoo,SUN700SMO13,Smoothing,700,4,52,7.69,Mid,Center-Right,True,0,122.62,,False,Standard Shelf,True,Dove,
AUD00412,2024-11-28,STR3066,Reliance Fresh,Supermarket,Surat,West,Neha Gupta,Dove,Dove Repair & Care Shampoo,DOV400REP61,Repair & Care,400,8,27,29.63,Eye Level,Center-Right,True,0,619.77,,False,Free Standing Display,False,Clinic Plus,
AUD00413,2024-07-17,STR4543,HyperCity,Hypermarket,Ahmedabad,West,Suresh Kumar,Rejoice,Rejoice Strengthening Shampoo,REJ500STR22,Strengthening,500,4,57,7.02,Top,Center,True,0,303.02,285.9,True,Gondola End,True,Garnier,
AUD00414,2024-01-14,STR8178,Costco India,Wholesale,Pune,West,Anita Patel,Rejoice,Rejoice Anti-Dandruff Shampoo,REJ400ANT66,Anti-Dandruff,400,4,28,14.29,Mid,Left,True,0,459.48,,False,Clip Strip,True,L'Oréal,
AUD00415,2024-11-29,STR9724,More Supermarket,Supermarket,Kolkata,East,Neha Gupta,Garnier,Garnier Smoothing Shampoo,GAR700SMO74,Smoothing,700,8,26,30.77,Bottom,Center-Right,True,0,250.5,,False,Standard Shelf,True,Rejoice,
AUD00416,2024-06-27,STR7560,WholesaleMart,Wholesale,Mumbai,West,Amit Singh,Garnier,Garnier Color Protect Shampoo,GAR700COL99,Color Protect,700,8,40,20.0,Eye Level,Center-Right,True,0,295.1,,False,Clip Strip,True,TRESemmé,
AUD00417,2024-06-19,STR7985,HyperCity,Hypermarket,Pune,West,Rahul Verma,Dove,Dove Keratin Shampoo,DOV400KER80,Keratin,400,3,40,7.5,Bottom,Center-Right,False,9,476.61,,False,Standard Shelf,True,Rejoice,
AUD00418,2024-11-10,STR8518,Nature's Basket,Supermarket,Mumbai,West,Divya Nair,Sunsilk,Sunsilk Repair & Care Shampoo,SUN1000REP42,Repair & Care,1000,1,34,2.94,Bottom,Center-Right,True,0,574.61,,False,Gondola End,True,Rejoice,
AUD00419,2024-07-12,STR4750,Reliance Fresh,Supermarket,Ahmedabad,West,Neha Gupta,L'Oréal,L'Oréal Charcoal Shampoo,L'O340CHA51,Charcoal,340,2,51,3.92,Bottom,Center-Left,True,0,417.95,,False,Gondola End,True,Clinic Plus,
AUD00420,2024-01-10,STR4459,Spencer's,Supermarket,Surat,West,Priya Sharma,Garnier,Garnier Strengthening Shampoo,GAR200STR14,Strengthening,200,2,47,4.26,Top,Center-Left,True,0,515.25,,False,Standard Shelf,True,Dove,
AUD00421,2024-04-16,STR3442,Costco India,Wholesale,Kolkata,East,Amit Singh,Head & Shoulders,Head & Shoulders Volumizing Shampoo,HEA700VOL97,Volumizing,700,4,47,8.51,Mid,Center-Right,True,0,499.08,,False,Standard Shelf,False,Sunsilk,
AUD00422,2024-03-19,STR7853,7-Eleven,Convenience,Ahmedabad,West,Amit Singh,Sunsilk,Sunsilk Keratin Shampoo,SUN340KER32,Keratin,340,1,42,2.38,Mid,Right,True,0,320.12,,False,Standard Shelf,True,Head & Shoulders,
AUD00423,2024-08-10,STR3741,Nature's Basket,Supermarket,Chennai,South,Suresh Kumar,Dove,Dove Argan Oil Shampoo,DOV500ARG92,Argan Oil,500,4,40,10.0,Mid,Right,True,0,405.24,,False,Free Standing Display,True,Herbal Essences,
AUD00424,2024-05-01,STR2616,More Supermarket,Supermarket,Kolkata,East,Amit Singh,Dove,Dove Color Protect Shampoo,DOV500COL17,Color Protect,500,6,36,16.67,Bottom,Center-Left,False,12,135.13,,False,Gondola End,True,Head & Shoulders,
AUD00425,2024-08-08,STR7178,BigBazaar,Hypermarket,Mumbai,West,Rahul Verma,Herbal Essences,Herbal Essences Charcoal Shampoo,HER400CHA16,Charcoal,400,4,43,9.3,Mid,Center,True,0,186.25,,False,End Cap,False,Clinic Plus,
AUD00426,2024-03-12,STR2930,MedPlus,Pharmacy,Bangalore,South,Neha Gupta,L'Oréal,L'Oréal Moisturizing Shampoo,L'O200MOI14,Moisturizing,200,3,51,5.88,Bottom,Center-Left,True,0,485.32,,False,Standard Shelf,True,Garnier,
AUD00427,2024-04-24,STR3452,Metro Cash & Carry,Wholesale,Ahmedabad,West,Priya Sharma,Garnier,Garnier Repair & Care Shampoo,GAR700REP74,Repair & Care,700,2,25,8.0,Mid,Left,False,3,442.36,,False,End Cap,True,Sunsilk,
AUD00428,2024-06-11,STR2861,MedPlus,Pharmacy,Ahmedabad,West,Rahul Verma,Head & Shoulders,Head & Shoulders Smoothing Shampoo,HEA700SMO48,Smoothing,700,5,26,19.23,Mid,Left,False,7,178.4,149.25,True,Clip Strip,True,Clinic Plus,
AUD00429,2024-12-04,STR5807,D-Mart,Hypermarket,Kolkata,East,Rahul Verma,Pantene,Pantene Anti-Dandruff Shampoo,PAN340ANT96,Anti-Dandruff,340,3,42,7.14,Top,Center,True,0,449.64,362.57,True,Clip Strip,True,Clinic Plus,
AUD00430,2024-11-10,STR3849,Nature's Basket,Supermarket,Chennai,South,Suresh Kumar,Dove,Dove Volumizing Shampoo,DOV700VOL96,Volumizing,700,8,57,14.04,Mid,Center-Left,True,0,106.09,96.18,True,End Cap,True,L'Oréal,
AUD00431,2024-04-17,STR3871,Reliance Fresh Extra,Hypermarket,Ahmedabad,West,Priya Sharma,Pantene,Pantene Moisturizing Shampoo,PAN500MOI39,Moisturizing,500,5,23,21.74,Top,Right,True,0,503.78,420.39,True,Clip Strip,True,L'Oréal,
AUD00432,2024-01-19,STR6863,HyperCity,Hypermarket,Delhi,North,Amit Singh,Herbal Essences,Herbal Essences Volumizing Shampoo,HER1000VOL61,Volumizing,1000,8,56,14.29,Eye Level,Right,True,0,641.66,543.79,True,Standard Shelf,True,Sunsilk,
AUD00433,2024-01-10,STR6420,More Supermarket,Supermarket,Mumbai,West,Vikram Rao,Clinic Plus,Clinic Plus Anti-Dandruff Shampoo,CLI340ANT22,Anti-Dandruff,340,6,49,12.24,Mid,Center-Right,True,0,583.68,,False,Free Standing Display,True,L'Oréal,
AUD00434,2024-04-25,STR6032,In & Out,Convenience,Hyderabad,South,Suresh Kumar,L'Oréal,L'Oréal Smoothing Shampoo,L'O200SMO30,Smoothing,200,4,46,8.7,Top,Left,True,0,86.47,69.92,True,Free Standing Display,False,Pantene,
AUD00435,2024-04-28,STR9924,Spencer's,Supermarket,Delhi,North,Vikram Rao,Garnier,Garnier Moisturizing Shampoo,GAR200MOI78,Moisturizing,200,1,40,2.5,Bottom,Center-Right,True,0,470.69,,False,End Cap,True,Herbal Essences,
AUD00436,2024-11-23,STR4409,Reliance Fresh Extra,Hypermarket,Kolkata,East,Suresh Kumar,Rejoice,Rejoice Argan Oil Shampoo,REJ1000ARG93,Argan Oil,1000,8,36,22.22,Top,Right,True,0,234.27,193.94,True,Gondola End,True,L'Oréal,
AUD00437,2024-01-27,STR3217,Spencer's,Supermarket,Delhi,North,Divya Nair,Head & Shoulders,Head & Shoulders Repair & Care Shampoo,HEA200REP99,Repair & Care,200,1,42,2.38,Eye Level,Center-Right,True,0,366.93,317.88,True,Clip Strip,True,Pantene,
AUD00438,2024-05-30,STR5538,Reliance Fresh Extra,Hypermarket,Jaipur,North,Divya Nair,TRESemmé,TRESemmé Repair & Care Shampoo,TRE400REP35,Repair & Care,400,1,30,3.33,Top,Left,True,0,113.71,,False,Free Standing Display,False,Dove,
AUD00439,2024-11-05,STR2942,Apollo Pharmacy,Pharmacy,Ahmedabad,West,Amit Singh,Pantene,Pantene Strengthening Shampoo,PAN400STR12,Strengthening,400,7,41,17.07,Top,Right,True,0,413.27,357.11,True,Free Standing Display,True,Garnier,
AUD00440,2024-10-25,STR1343,QuickMart,Convenience,Pune,West,Rahul Verma,Sunsilk,Sunsilk Strengthening Shampoo,SUN340STR47,Strengthening,340,4,47,8.51,Bottom,Center-Left,True,0,82.39,,False,Free Standing Display,True,TRESemmé,
AUD00441,2024-06-28,STR8084,7-Eleven,Convenience,Chennai,South,Vikram Rao,L'Oréal,L'Oréal Charcoal Shampoo,L'O340CHA79,Charcoal,340,2,26,7.69,Bottom,Right,True,0,359.8,312.38,True,Standard Shelf,True,Sunsilk,
AUD00442,2024-04-26,STR9985,D-Mart,Hypermarket,Kolkata,East,Divya Nair,Sunsilk,Sunsilk Volumizing Shampoo,SUN500VOL24,Volumizing,500,8,50,16.0,Bottom,Center,False,3,420.4,354.9,True,Gondola End,True,Rejoice,
AUD00443,2024-06-13,STR3876,Metro Cash & Carry,Wholesale,Hyderabad,South,Amit Singh,Rejoice,Rejoice Charcoal Shampoo,REJ400CHA26,Charcoal,400,5,52,9.62,Bottom,Left,False,14,357.78,,False,Standard Shelf,True,Herbal Essences,
AUD00444,2024-03-15,STR7063,Nature's Basket,Supermarket,Pune,West,Divya Nair,Dove,Dove Color Protect Shampoo,DOV500COL77,Color Protect,500,7,38,18.42,Mid,Center-Left,True,0,514.91,,False,Standard Shelf,True,Garnier,
AUD00445,2024-04-24,STR9569,More Supermarket,Supermarket,Kolkata,East,Anita Patel,Sunsilk,Sunsilk Color Protect Shampoo,SUN500COL44,Color Protect,500,1,41,2.44,Mid,Center-Right,True,0,520.81,,False,End Cap,True,Rejoice,
AUD00446,2024-05-27,STR3237,BigBazaar,Hypermarket,Hyderabad,South,Amit Singh,Head & Shoulders,Head & Shoulders Smoothing Shampoo,HEA500SMO93,Smoothing,500,2,37,5.41,Bottom,Left,True,0,628.77,552.2,True,Free Standing Display,True,Clinic Plus,
AUD00447,2024-07-21,STR3108,7-Eleven,Convenience,Pune,West,Vikram Rao,L'Oréal,L'Oréal Smoothing Shampoo,L'O500SMO69,Smoothing,500,8,31,25.81,Eye Level,Center-Right,True,0,613.43,582.44,True,Clip Strip,True,Clinic Plus,
AUD00448,2024-08-03,STR8800,Booker,Wholesale,Surat,West,Divya Nair,L'Oréal,L'Oréal Argan Oil Shampoo,L'O700ARG36,Argan Oil,700,6,40,15.0,Eye Level,Center-Right,True,0,96.26,,False,Standard Shelf,True,Garnier,
AUD00449,2024-04-25,STR3971,Spencer's,Supermarket,Chennai,South,Anita Patel,Pantene,Pantene Keratin Shampoo,PAN340KER78,Keratin,340,3,28,10.71,Eye Level,Center,True,0,303.36,,False,Clip Strip,True,Herbal Essences,
AUD00450,2024-11-28,STR1627,Daily Needs,Convenience,Delhi,North,Anita Patel,Clinic Plus,Clinic Plus Moisturizing Shampoo,CLI1000MOI91,Moisturizing,1000,8,56,14.29,Top,Right,True,0,627.17,,False,Gondola End,True,Garnier,
AUD00451,2024-09-11,STR9412,Wellness Forever,Pharmacy,Kolkata,East,Vikram Rao,Head & Shoulders,Head & Shoulders Charcoal Shampoo,HEA500CHA38,Charcoal,500,8,53,15.09,Eye Level,Center-Left,True,0,140.45,,False,Standard Shelf,True,Garnier,
AUD00452,2024-12-22,STR4893,HyperCity,Hypermarket,Hyderabad,South,Rahul Verma,Dove,Dove Volumizing Shampoo,DOV500VOL22,Volumizing,500,4,57,7.02,Bottom,Left,True,0,194.34,179.6,True,Gondola End,True,Clinic Plus,
AUD00453,2024-06-26,STR5591,Spencer's,Supermarket,Jaipur,North,Divya Nair,TRESemmé,TRESemmé Smoothing Shampoo,TRE700SMO53,Smoothing,700,4,60,6.67,Eye Level,Left,True,0,283.31,,False,Standard Shelf,False,Pantene,
AUD00454,2024-06-19,STR1559,D-Mart,Hypermarket,Surat,West,Vikram Rao,Head & Shoulders,Head & Shoulders Argan Oil Shampoo,HEA500ARG45,Argan Oil,500,6,36,16.67,Bottom,Right,True,0,122.61,,False,Free Standing Display,True,Clinic Plus,
AUD00455,2024-09-20,STR8915,Daily Needs,Convenience,Hyderabad,South,Neha Gupta,Herbal Essences,Herbal Essences Volumizing Shampoo,HER340VOL68,Volumizing,340,6,34,17.65,Top,Center-Right,True,0,227.6,,False,Clip Strip,True,Dove,
AUD00456,2024-12-25,STR4239,More Supermarket,Supermarket,Ahmedabad,West,Anita Patel,Sunsilk,Sunsilk Charcoal Shampoo,SUN700CHA77,Charcoal,700,3,60,5.0,Top,Center-Right,True,0,529.47,,False,Clip Strip,True,Pantene,
AUD00457,2024-12-01,STR6813,D-Mart,Hypermarket,Surat,West,Divya Nair,Clinic Plus,Clinic Plus Strengthening Shampoo,CLI1000STR33,Strengthening,1000,2,44,4.55,Eye Level,Left,True,0,115.97,,False,Free Standing Display,True,L'Oréal,
AUD00458,2024-02-10,STR5887,Daily Needs,Convenience,Ahmedabad,West,Amit Singh,Dove,Dove Volumizing Shampoo,DOV400VOL68,Volumizing,400,6,60,10.0,Eye Level,Center-Left,False,7,319.55,,False,Standard Shelf,True,Sunsilk,
AUD00459,2024-10-12,STR2512,WholesaleMart,Wholesale,Ahmedabad,West,Neha Gupta,Pantene,Pantene Charcoal Shampoo,PAN700CHA64,Charcoal,700,3,25,12.0,Mid,Right,True,0,148.9,125.49,True,Standard Shelf,True,Clinic Plus,
AUD00460,2024-02-01,STR9890,Reliance Fresh,Supermarket,Ahmedabad,West,Vikram Rao,Rejoice,Rejoice Repair & Care Shampoo,REJ700REP23,Repair & Care,700,5,49,10.2,Bottom,Center,True,0,388.94,,False,End Cap,False,Herbal Essences,
AUD00461,2024-04-10,STR4212,WholesaleMart,Wholesale,Hyderabad,South,Divya Nair,Clinic Plus,Clinic Plus Keratin Shampoo,CLI500KER67,Keratin,500,5,22,22.73,Top,Center,True,0,372.98,,False,Gondola End,False,Dove,
AUD00462,2024-02-28,STR6998,Frank Ross,Pharmacy,Jaipur,North,Neha Gupta,Clinic Plus,Clinic Plus Volumizing Shampoo,CLI500VOL60,Volumizing,500,5,56,8.93,Bottom,Center-Left,True,0,448.16,417.52,True,Clip Strip,True,Herbal Essences,
AUD00463,2024-09-28,STR5177,Apollo Pharmacy,Pharmacy,Hyderabad,South,Rahul Verma,Sunsilk,Sunsilk Moisturizing Shampoo,SUN200MOI53,Moisturizing,200,5,43,11.63,Eye Level,Center,True,0,196.67,,False,Standard Shelf,True,Pantene,
AUD00464,2024-05-25,STR8954,Costco India,Wholesale,Ahmedabad,West,Suresh Kumar,TRESemmé,TRESemmé Charcoal Shampoo,TRE700CHA92,Charcoal,700,3,26,11.54,Bottom,Center,True,0,337.61,,False,Standard Shelf,True,Garnier,
AUD00465,2024-03-15,STR9101,WholesaleMart,Wholesale,Bangalore,South,Suresh Kumar,Dove,Dove Volumizing Shampoo,DOV400VOL29,Volumizing,400,8,41,19.51,Eye Level,Center,True,0,537.04,,False,Standard Shelf,True,L'Oréal,
AUD00466,2024-05-30,STR1787,Daily Needs,Convenience,Jaipur,North,Priya Sharma,Sunsilk,Sunsilk Moisturizing Shampoo,SUN400MOI38,Moisturizing,400,5,45,11.11,Bottom,Right,True,0,246.17,,False,Free Standing Display,True,L'Oréal,
AUD00467,2024-09-07,STR8021,Costco India,Wholesale,Delhi,North,Neha Gupta,Garnier,Garnier Repair & Care Shampoo,GAR500REP35,Repair & Care,500,1,44,2.27,Bottom,Right,True,0,422.09,,False,Standard Shelf,True,Herbal Essences,
AUD00468,2024-06-25,STR4571,Metro Cash & Carry,Wholesale,Chennai,South,Vikram Rao,TRESemmé,TRESemmé Charcoal Shampoo,TRE1000CHA40,Charcoal,1000,7,39,17.95,Top,Right,True,0,80.26,,False,Standard Shelf,False,L'Oréal,
AUD00469,2024-09-16,STR6019,MedPlus,Pharmacy,Bangalore,South,Rahul Verma,Rejoice,Rejoice Argan Oil Shampoo,REJ200ARG95,Argan Oil,200,8,44,18.18,Top,Right,True,0,625.39,,False,Standard Shelf,False,Garnier,
AUD00470,2024-05-30,STR2876,MedPlus,Pharmacy,Jaipur,North,Divya Nair,Head & Shoulders,Head & Shoulders Argan Oil Shampoo,HEA400ARG20,Argan Oil,400,5,53,9.43,Mid,Right,True,0,408.91,,False,Standard Shelf,True,Clinic Plus,
AUD00471,2024-01-15,STR3612,Daily Needs,Convenience,Bangalore,South,Neha Gupta,Herbal Essences,Herbal Essences Keratin Shampoo,HER700KER84,Keratin,700,2,47,4.26,Mid,Center-Left,True,0,391.52,,False,Gondola End,False,Pantene,
AUD00472,2024-01-10,STR3204,Apollo Pharmacy,Pharmacy,Pune,West,Divya Nair,Garnier,Garnier Argan Oil Shampoo,GAR1000ARG41,Argan Oil,1000,7,51,13.73,Top,Center-Right,True,0,547.91,,False,Clip Strip,True,Head & Shoulders,
AUD00473,2024-11-22,STR1913,Booker,Wholesale,Bangalore,South,Amit Singh,Sunsilk,Sunsilk Charcoal Shampoo,SUN340CHA26,Charcoal,340,4,32,12.5,Mid,Left,True,0,237.8,199.1,True,Clip Strip,True,Rejoice,
AUD00474,2024-02-12,STR3474,7-Eleven,Convenience,Ahmedabad,West,Divya Nair,L'Oréal,L'Oréal Argan Oil Shampoo,L'O700ARG71,Argan Oil,700,2,56,3.57,Mid,Left,True,0,523.86,,False,Clip Strip,False,Rejoice,
AUD00475,2024-08-18,STR6387,BigBazaar,Hypermarket,Mumbai,West,Vikram Rao,Garnier,Garnier Volumizing Shampoo,GAR700VOL66,Volumizing,700,1,36,2.78,Mid,Center-Right,True,0,301.08,248.03,True,Free Standing Display,True,Dove,
AUD00476,2024-01-18,STR5336,Daily Needs,Convenience,Jaipur,North,Amit Singh,Rejoice,Rejoice Keratin Shampoo,REJ340KER49,Keratin,340,3,47,6.38,Bottom,Center-Left,True,0,334.61,,False,Clip Strip,True,Head & Shoulders,
AUD00477,2024-08-25,STR1094,Reliance Fresh Extra,Hypermarket,Kolkata,East,Neha Gupta,L'Oréal,L'Oréal Smoothing Shampoo,L'O340SMO77,Smoothing,340,4,41,9.76,Top,Left,True,0,171.3,145.03,True,Gondola End,True,Garnier,
AUD00478,2024-04-06,STR9408,Reliance Fresh Extra,Hypermarket,Surat,West,Rahul Verma,Head & Shoulders,Head & Shoulders Volumizing Shampoo,HEA340VOL82,Volumizing,340,8,22,36.36,Top,Center,True,0,493.56,,False,Standard Shelf,True,L'Oréal,
AUD00479,2024-02-10,STR5745,Frank Ross,Pharmacy,Hyderabad,South,Neha Gupta,Sunsilk,Sunsilk Strengthening Shampoo,SUN340STR16,Strengthening,340,8,38,21.05,Top,Center-Left,True,0,411.52,,False,Standard Shelf,False,L'Oréal,
AUD00480,2024-04-17,STR1349,Metro Cash & Carry,Wholesale,Ahmedabad,West,Suresh Kumar,L'Oréal,L'Oréal Moisturizing Shampoo,L'O340MOI66,Moisturizing,340,4,44,9.09,Bottom,Center-Right,True,0,596.78,,False,Free Standing Display,False,Herbal Essences,
AUD00481,2024-12-08,STR1375,Costco India,Wholesale,Mumbai,West,Anita Patel,TRESemmé,TRESemmé Smoothing Shampoo,TRE400SMO31,Smoothing,400,4,59,6.78,Bottom,Center-Left,False,5,269.04,,False,Free Standing Display,True,L'Oréal,
AUD00482,2024-06-18,STR1902,Spencer's,Supermarket,Surat,West,Priya Sharma,Dove,Dove Moisturizing Shampoo,DOV500MOI55,Moisturizing,500,6,35,17.14,Mid,Left,True,0,189.07,,False,Standard Shelf,True,L'Oréal,
AUD00483,2024-09-24,STR9253,QuickMart,Convenience,Delhi,North,Anita Patel,Garnier,Garnier Charcoal Shampoo,GAR200CHA38,Charcoal,200,8,46,17.39,Mid,Right,True,0,616.14,520.46,True,Standard Shelf,True,Sunsilk,
AUD00484,2024-07-01,STR3186,Wellness Forever,Pharmacy,Pune,West,Amit Singh,Rejoice,Rejoice Anti-Dandruff Shampoo,REJ340ANT22,Anti-Dandruff,340,4,35,11.43,Bottom,Center,True,0,171.29,,False,Standard Shelf,True,Dove,
AUD00485,2024-05-06,STR5726,Reliance Fresh,Supermarket,Chennai,South,Vikram Rao,Sunsilk,Sunsilk Argan Oil Shampoo,SUN1000ARG58,Argan Oil,1000,7,50,14.0,Mid,Center,True,0,80.53,,False,End Cap,True,Head & Shoulders,
AUD00486,2024-12-17,STR6941,MedPlus,Pharmacy,Mumbai,West,Rahul Verma,Herbal Essences,Herbal Essences Strengthening Shampoo,HER1000STR76,Strengthening,1000,4,42,9.52,Mid,Left,True,0,109.87,,False,End Cap,True,Rejoice,
AUD00487,2024-11-27,STR1796,Wellness Forever,Pharmacy,Jaipur,North,Amit Singh,Herbal Essences,Herbal Essences Strengthening Shampoo,HER1000STR77,Strengthening,1000,4,56,7.14,Eye Level,Right,True,0,154.5,124.92,True,Gondola End,True,Pantene,
AUD00488,2024-03-20,STR6052,Spencer's,Supermarket,Hyderabad,South,Vikram Rao,Pantene,Pantene Anti-Dandruff Shampoo,PAN500ANT35,Anti-Dandruff,500,3,21,14.29,Eye Level,Left,True,0,631.86,,False,Gondola End,False,Herbal Essences,
AUD00489,2024-01-16,STR9972,7-Eleven,Convenience,Jaipur,North,Priya Sharma,Herbal Essences,Herbal Essences Anti-Dandruff Shampoo,HER200ANT20,Anti-Dandruff,200,8,30,26.67,Top,Left,True,0,367.61,,False,End Cap,True,Dove,
AUD00490,2024-06-03,STR8039,Spencer's,Supermarket,Mumbai,West,Neha Gupta,L'Oréal,L'Oréal Charcoal Shampoo,L'O1000CHA27,Charcoal,1000,8,45,17.78,Top,Center,True,0,355.13,,False,Standard Shelf,True,Clinic Plus,
AUD00491,2024-06-18,STR6977,Apollo Pharmacy,Pharmacy,Delhi,North,Neha Gupta,Garnier,Garnier Keratin Shampoo,GAR500KER27,Keratin,500,7,55,12.73,Bottom,Left,True,0,373.08,,False,Clip Strip,True,Head & Shoulders,
AUD00492,2024-03-31,STR5719,Daily Needs,Convenience,Jaipur,North,Neha Gupta,Herbal Essences,Herbal Essences Moisturizing Shampoo,HER700MOI44,Moisturizing,700,4,29,13.79,Bottom,Right,True,0,424.55,,False,Clip Strip,True,L'Oréal,
AUD00493,2024-03-29,STR2718,D-Mart,Hypermarket,Ahmedabad,West,Vikram Rao,Dove,Dove Smoothing Shampoo,DOV340SMO78,Smoothing,340,7,34,20.59,Top,Center,True,0,286.49,,False,Gondola End,False,Clinic Plus,
AUD00494,2024-01-05,STR7015,More Supermarket,Supermarket,Hyderabad,South,Priya Sharma,Garnier,Garnier Strengthening Shampoo,GAR400STR38,Strengthening,400,7,52,13.46,Bottom,Center-Right,True,0,544.36,,False,Standard Shelf,True,L'Oréal,
AUD00495,2024-02-19,STR3932,Nature's Basket,Supermarket,Surat,West,Rahul Verma,Pantene,Pantene Moisturizing Shampoo,PAN200MOI67,Moisturizing,200,1,54,1.85,Bottom,Center,True,0,141.08,,False,Standard Shelf,False,Garnier,
AUD00496,2024-04-04,STR6526,Costco India,Wholesale,Bangalore,South,Neha Gupta,Head & Shoulders,Head & Shoulders Volumizing Shampoo,HEA340VOL17,Volumizing,340,8,41,19.51,Eye Level,Center,True,0,257.34,,False,Gondola End,True,Sunsilk,
AUD00497,2024-03-29,STR3895,Reliance Fresh,Supermarket,Surat,West,Priya Sharma,Sunsilk,Sunsilk Color Protect Shampoo,SUN1000COL73,Color Protect,1000,2,51,3.92,Bottom,Left,True,0,273.85,232.55,True,Clip Strip,False,L'Oréal,
AUD00498,2024-03-29,STR4688,More Supermarket,Supermarket,Ahmedabad,West,Amit Singh,Rejoice,Rejoice Color Protect Shampoo,REJ200COL58,Color Protect,200,7,58,12.07,Mid,Left,True,0,494.35,423.84,True,Gondola End,True,Sunsilk,
AUD00499,2024-12-30,STR9970,QuickMart,Convenience,Bangalore,South,Divya Nair,Garnier,Garnier Argan Oil Shampoo,GAR500ARG64,Argan Oil,500,7,59,11.86,Eye Level,Center-Left,True,0,124.7,,False,Free Standing Display,True,Pantene,
AUD00500,2024-04-10,STR4478,QuickMart,Convenience,Jaipur,North,Amit Singh,Garnier,Garnier Argan Oil Shampoo,GAR500ARG95,Argan Oil,500,8,59,13.56,Mid,Center-Right,True,0,542.41,,False,Standard Shelf,False,Clinic Plus,
AUD00501,2024-01-31,STR6447,Reliance Fresh Extra,Hypermarket,Hyderabad,South,Neha Gupta,L'Oréal,L'Oréal Strengthening Shampoo,L'O500STR67,Strengthening,500,3,34,8.82,Eye Level,Center,True,0,571.05,517.95,True,Standard Shelf,True,Rejoice,
AUD00502,2024-02-09,STR5213,Reliance Fresh Extra,Hypermarket,Bangalore,South,Divya Nair,L'Oréal,L'Oréal Smoothing Shampoo,L'O400SMO50,Smoothing,400,3,50,6.0,Eye Level,Left,True,0,302.38,256.37,True,Clip Strip,False,Sunsilk,
AUD00503,2024-12-29,STR8238,Reliance Fresh Extra,Hypermarket,Mumbai,West,Divya Nair,Pantene,Pantene Moisturizing Shampoo,PAN340MOI62,Moisturizing,340,3,40,7.5,Eye Level,Right,False,3,285.25,238.17,True,Standard Shelf,True,Clinic Plus,
AUD00504,2024-08-06,STR4325,More Supermarket,Supermarket,Mumbai,West,Divya Nair,Sunsilk,Sunsilk Repair & Care Shampoo,SUN500REP69,Repair & Care,500,6,40,15.0,Bottom,Left,True,0,388.56,329.99,True,Standard Shelf,False,Pantene,
AUD00505,2024-12-07,STR5668,Nature's Basket,Supermarket,Hyderabad,South,Suresh Kumar,Rejoice,Rejoice Anti-Dandruff Shampoo,REJ400ANT33,Anti-Dandruff,400,4,56,7.14,Top,Left,True,0,123.55,105.06,True,Clip Strip,False,Clinic Plus,
AUD00506,2024-12-07,STR5819,Reliance Fresh Extra,Hypermarket,Chennai,South,Vikram Rao,Rejoice,Rejoice Repair & Care Shampoo,REJ500REP72,Repair & Care,500,4,36,11.11,Eye Level,Left,True,0,276.53,246.51,True,Clip Strip,True,L'Oréal,
AUD00507,2024-07-16,STR9695,Wellness Forever,Pharmacy,Delhi,North,Anita Patel,Clinic Plus,Clinic Plus Keratin Shampoo,CLI400KER80,Keratin,400,5,51,9.8,Bottom,Center-Right,True,0,616.96,,False,Standard Shelf,False,Herbal Essences,
AUD00508,2024-07-11,STR3871,HyperCity,Hypermarket,Delhi,North,Suresh Kumar,Head & Shoulders,Head & Shoulders Volumizing Shampoo,HEA200VOL92,Volumizing,200,1,22,4.55,Bottom,Center,True,0,160.19,,False,Clip Strip,True,Rejoice,
AUD00509,2024-11-15,STR2210,QuickMart,Convenience,Hyderabad,South,Anita Patel,Herbal Essences,Herbal Essences Color Protect Shampoo,HER400COL54,Color Protect,400,5,27,18.52,Top,Center-Left,True,0,514.62,419.27,True,Gondola End,False,Rejoice,
AUD00510,2024-01-25,STR7936,Frank Ross,Pharmacy,Bangalore,South,Amit Singh,Clinic Plus,Clinic Plus Strengthening Shampoo,CLI500STR19,Strengthening,500,7,44,15.91,Top,Left,True,0,200.94,,False,Standard Shelf,True,Pantene,
AUD00511,2024-04-13,STR2336,In & Out,Convenience,Jaipur,North,Vikram Rao,Head & Shoulders,Head & Shoulders Repair & Care Shampoo,HEA1000REP72,Repair & Care,1000,3,51,5.88,Mid,Center,True,0,538.26,,False,Clip Strip,True,TRESemmé,
AUD00512,2024-08-16,STR1273,Wellness Forever,Pharmacy,Jaipur,North,Neha Gupta,Garnier,Garnier Volumizing Shampoo,GAR1000VOL56,Volumizing,1000,2,36,5.56,Bottom,Right,True,0,446.79,,False,Clip Strip,False,Herbal Essences,
AUD00513,2024-03-12,STR7578,More Supermarket,Supermarket,Hyderabad,South,Anita Patel,Herbal Essences,Herbal Essences Argan Oil Shampoo,HER200ARG27,Argan Oil,200,4,51,7.84,Eye Level,Left,True,0,302.35,,False,Standard Shelf,True,TRESemmé,
AUD00514,2024-12-02,STR8779,Booker,Wholesale,Surat,West,Amit Singh,Clinic Plus,Clinic Plus Argan Oil Shampoo,CLI400ARG33,Argan Oil,400,5,27,18.52,Eye Level,Center,True,0,383.31,,False,Standard Shelf,False,Herbal Essences,
AUD00515,2024-08-26,STR5369,WholesaleMart,Wholesale,Kolkata,East,Anita Patel,L'Oréal,L'Oréal Color Protect Shampoo,L'O500COL78,Color Protect,500,5,33,15.15,Eye Level,Center,True,0,370.52,,False,Standard Shelf,True,Dove,
AUD00516,2024-04-25,STR1893,Daily Needs,Convenience,Ahmedabad,West,Amit Singh,Rejoice,Rejoice Volumizing Shampoo,REJ700VOL64,Volumizing,700,1,26,3.85,Eye Level,Center-Right,True,0,441.73,,False,Standard Shelf,True,Herbal Essences,
AUD00517,2024-04-09,STR8654,WholesaleMart,Wholesale,Delhi,North,Priya Sharma,Head & Shoulders,Head & Shoulders Argan Oil Shampoo,HEA700ARG19,Argan Oil,700,3,56,5.36,Top,Left,True,0,247.91,,False,End Cap,False,Pantene,
AUD00518,2024-06-14,STR3255,BigBazaar,Hypermarket,Delhi,North,Rahul Verma,Head & Shoulders,Head & Shoulders Smoothing Shampoo,HEA200SMO85,Smoothing,200,4,33,12.12,Eye Level,Center-Right,False,8,219.51,203.6,True,Clip Strip,True,Herbal Essences,
AUD00519,2024-01-19,STR1434,BigBazaar,Hypermarket,Mumbai,West,Amit Singh,Rejoice,Rejoice Smoothing Shampoo,REJ400SMO56,Smoothing,400,5,52,9.62,Bottom,Center-Left,True,0,637.02,,False,Standard Shelf,True,Dove,
AUD00520,2024-08-29,STR2500,Wellness Forever,Pharmacy,Kolkata,East,Neha Gupta,L'Oréal,L'Oréal Keratin Shampoo,L'O400KER18,Keratin,400,1,30,3.33,Eye Level,Right,True,0,638.9,,False,Standard Shelf,True,Pantene,
AUD00521,2024-11-23,STR2070,D-Mart,Hypermarket,Pune,West,Amit Singh,Rejoice,Rejoice Keratin Shampoo,REJ1000KER85,Keratin,1000,3,54,5.56,Eye Level,Right,True,0,211.28,,False,Free Standing Display,True,L'Oréal,
AUD00522,2024-09-12,STR1780,MedPlus,Pharmacy,Surat,West,Suresh Kumar,Dove,Dove Smoothing Shampoo,DOV1000SMO29,Smoothing,1000,1,39,2.56,Mid,Center-Right,True,0,393.01,,False,Clip Strip,True,Garnier,
AUD00523,2024-04-21,STR9230,Costco India,Wholesale,Ahmedabad,West,Amit Singh,Sunsilk,Sunsilk Charcoal Shampoo,SUN340CHA84,Charcoal,340,2,49,4.08,Top,Center-Right,True,0,428.55,384.8,True,Standard Shelf,True,TRESemmé,
AUD00524,2024-07-02,STR9137,Daily Needs,Convenience,Hyderabad,South,Vikram Rao,Dove,Dove Repair & Care Shampoo,DOV500REP98,Repair & Care,500,6,36,16.67,Mid,Center,True,0,302.94,255.94,True,Gondola End,True,L'Oréal,
AUD00525,2024-09-24,STR9767,Metro Cash & Carry,Wholesale,Jaipur,North,Anita Patel,Head & Shoulders,Head & Shoulders Repair & Care Shampoo,HEA700REP63,Repair & Care,700,5,20,25.0,Mid,Center-Right,True,0,90.24,,False,Standard Shelf,True,Clinic Plus,
AUD00526,2024-08-28,STR6844,More Supermarket,Supermarket,Pune,West,Amit Singh,Dove,Dove Volumizing Shampoo,DOV400VOL82,Volumizing,400,6,40,15.0,Eye Level,Left,True,0,382.14,,False,Free Standing Display,True,Rejoice,
AUD00527,2024-12-07,STR9371,Reliance Fresh Extra,Hypermarket,Kolkata,East,Rahul Verma,Pantene,Pantene Smoothing Shampoo,PAN400SMO86,Smoothing,400,4,31,12.9,Bottom,Center-Right,True,0,214.0,,False,Gondola End,True,Head & Shoulders,
AUD00528,2024-06-18,STR8496,Costco India,Wholesale,Pune,West,Rahul Verma,Pantene,Pantene Charcoal Shampoo,PAN340CHA58,Charcoal,340,1,52,1.92,Bottom,Center-Right,False,3,485.92,,False,Gondola End,True,Dove,
AUD00529,2024-05-21,STR7218,QuickMart,Convenience,Jaipur,North,Divya Nair,Pantene,Pantene Strengthening Shampoo,PAN400STR81,Strengthening,400,6,43,13.95,Eye Level,Right,True,0,107.2,,False,Standard Shelf,True,Rejoice,
AUD00530,2024-10-20,STR1861,Reliance Fresh Extra,Hypermarket,Pune,West,Vikram Rao,TRESemmé,TRESemmé Keratin Shampoo,TRE200KER42,Keratin,200,5,49,10.2,Bottom,Center-Right,True,0,351.91,,False,Standard Shelf,True,Head & Shoulders,
AUD00531,2024-02-08,STR6125,Frank Ross,Pharmacy,Kolkata,East,Divya Nair,L'Oréal,L'Oréal Smoothing Shampoo,L'O1000SMO17,Smoothing,1000,5,27,18.52,Bottom,Right,True,0,258.14,,False,Standard Shelf,True,Garnier,
AUD00532,2024-12-05,STR8709,Frank Ross,Pharmacy,Hyderabad,South,Anita Patel,Head & Shoulders,Head & Shoulders Keratin Shampoo,HEA200KER47,Keratin,200,8,33,24.24,Bottom,Center-Left,True,0,336.19,,False,Standard Shelf,True,Clinic Plus,
AUD00533,2024-09-14,STR2726,D-Mart,Hypermarket,Jaipur,North,Amit Singh,TRESemmé,TRESemmé Volumizing Shampoo,TRE1000VOL63,Volumizing,1000,6,50,12.0,Mid,Center-Right,True,0,529.92,458.29,True,End Cap,True,Herbal Essences,
AUD00534,2024-11-22,STR4371,Reliance Fresh,Supermarket,Chennai,South,Suresh Kumar,Head & Shoulders,Head & Shoulders Strengthening Shampoo,HEA200STR37,Strengthening,200,3,33,9.09,Top,Center-Left,True,0,307.79,265.4,True,Clip Strip,False,Dove,
AUD00535,2024-09-10,STR7960,More Supermarket,Supermarket,Bangalore,South,Neha Gupta,Clinic Plus,Clinic Plus Charcoal Shampoo,CLI200CHA44,Charcoal,200,1,46,2.17,Mid,Center,True,0,191.26,,False,Free Standing Display,True,Sunsilk,
AUD00536,2024-12-24,STR4487,WholesaleMart,Wholesale,Pune,West,Amit Singh,Garnier,Garnier Smoothing Shampoo,GAR400SMO75,Smoothing,400,2,59,3.39,Eye Level,Right,True,0,463.42,,False,End Cap,True,Dove,
AUD00537,2024-08-07,STR5669,BigBazaar,Hypermarket,Pune,West,Anita Patel,Clinic Plus,Clinic Plus Moisturizing Shampoo,CLI340MOI77,Moisturizing,340,4,20,20.0,Bottom,Center,True,0,384.77,,False,Free Standing Display,True,Herbal Essences,
AUD00538,2024-10-22,STR1842,In & Out,Convenience,Delhi,North,Amit Singh,Sunsilk,Sunsilk Repair & Care Shampoo,SUN500REP94,Repair & Care,500,7,51,13.73,Top,Right,True,0,274.65,260.38,True,End Cap,True,Rejoice,
AUD00539,2024-05-10,STR2483,Metro Cash & Carry,Wholesale,Mumbai,West,Neha Gupta,L'Oréal,L'Oréal Argan Oil Shampoo,L'O400ARG65,Argan Oil,400,5,26,19.23,Mid,Center-Left,True,0,541.65,,False,Standard Shelf,True,Head & Shoulders,
AUD00540,2024-03-01,STR6386,Booker,Wholesale,Hyderabad,South,Neha Gupta,Head & Shoulders,Head & Shoulders Anti-Dandruff Shampoo,HEA340ANT56,Anti-Dandruff,340,1,38,2.63,Mid,Left,True,0,484.88,,False,Standard Shelf,True,TRESemmé,
AUD00541,2024-07-10,STR5900,Reliance Fresh,Supermarket,Pune,West,Vikram Rao,Dove,Dove Smoothing Shampoo,DOV1000SMO82,Smoothing,1000,1,42,2.38,Top,Center-Left,True,0,364.79,,False,Free Standing Display,False,Sunsilk,
AUD00542,2024-10-04,STR4653,7-Eleven,Convenience,Chennai,South,Suresh Kumar,Sunsilk,Sunsilk Keratin Shampoo,SUN200KER46,Keratin,200,8,58,13.79,Eye Level,Center-Right,False,4,460.38,386.13,True,Free Standing Display,True,TRESemmé,
AUD00543,2024-03-13,STR6192,Nature's Basket,Supermarket,Bangalore,South,Priya Sharma,Pantene,Pantene Anti-Dandruff Shampoo,PAN700ANT10,Anti-Dandruff,700,1,52,1.92,Bottom,Right,False,10,600.74,,False,Clip Strip,True,Dove,
AUD00544,2024-05-01,STR7774,Booker,Wholesale,Pune,West,Anita Patel,Dove,Dove Repair & Care Shampoo,DOV340REP10,Repair & Care,340,5,42,11.9,Bottom,Right,True,0,614.77,,False,End Cap,True,L'Oréal,
AUD00545,2024-02-22,STR6085,BigBazaar,Hypermarket,Jaipur,North,Suresh Kumar,Pantene,Pantene Strengthening Shampoo,PAN700STR15,Strengthening,700,4,59,6.78,Mid,Center-Right,True,0,185.43,,False,Gondola End,True,Rejoice,
AUD00546,2024-09-08,STR6399,MedPlus,Pharmacy,Kolkata,East,Divya Nair,Head & Shoulders,Head & Shoulders Argan Oil Shampoo,HEA1000ARG28,Argan Oil,1000,4,25,16.0,Mid,Center-Left,True,0,329.28,271.64,True,Standard Shelf,True,Herbal Essences,
AUD00547,2024-05-06,STR3034,Apollo Pharmacy,Pharmacy,Chennai,South,Neha Gupta,Pantene,Pantene Color Protect Shampoo,PAN400COL14,Color Protect,400,4,29,13.79,Eye Level,Center-Right,True,0,413.66,,False,End Cap,False,Head & Shoulders,
AUD00548,2024-04-10,STR7162,QuickMart,Convenience,Kolkata,East,Neha Gupta,Garnier,Garnier Color Protect Shampoo,GAR400COL92,Color Protect,400,2,55,3.64,Mid,Center,True,0,616.37,,False,Clip Strip,True,Clinic Plus,
AUD00549,2024-09-03,STR1414,7-Eleven,Convenience,Surat,West,Divya Nair,Pantene,Pantene Strengthening Shampoo,PAN340STR57,Strengthening,340,4,57,7.02,Bottom,Center-Left,True,0,259.53,,False,Standard Shelf,True,TRESemmé,
AUD00550,2024-11-07,STR9773,7-Eleven,Convenience,Jaipur,North,Neha Gupta,Rejoice,Rejoice Moisturizing Shampoo,REJ340MOI99,Moisturizing,340,6,34,17.65,Top,Right,True,0,572.73,,False,Standard Shelf,True,Herbal Essences,
AUD00551,2024-02-27,STR3497,D-Mart,Hypermarket,Kolkata,East,Anita Patel,Pantene,Pantene Repair & Care Shampoo,PAN500REP59,Repair & Care,500,8,23,34.78,Eye Level,Center,True,0,245.61,,False,Standard Shelf,True,Garnier,
AUD00552,2024-01-08,STR9431,HyperCity,Hypermarket,Mumbai,West,Divya Nair,Sunsilk,Sunsilk Volumizing Shampoo,SUN340VOL26,Volumizing,340,2,24,8.33,Eye Level,Right,True,0,581.5,,False,Clip Strip,True,Rejoice,
AUD00553,2024-03-03,STR6085,Frank Ross,Pharmacy,Mumbai,West,Vikram Rao,Rejoice,Rejoice Strengthening Shampoo,REJ200STR20,Strengthening,200,1,20,5.0,Eye Level,Center,False,10,257.9,211.72,True,End Cap,True,Herbal Essences,
AUD00554,2024-12-20,STR5560,More Supermarket,Supermarket,Kolkata,East,Neha Gupta,Pantene,Pantene Repair & Care Shampoo,PAN400REP99,Repair & Care,400,2,30,6.67,Bottom,Left,True,0,262.73,,False,Gondola End,True,Clinic Plus,
AUD00555,2024-02-14,STR3229,Wellness Forever,Pharmacy,Surat,West,Divya Nair,Head & Shoulders,Head & Shoulders Color Protect Shampoo,HEA200COL81,Color Protect,200,7,26,26.92,Bottom,Left,True,0,133.6,,False,Clip Strip,True,L'Oréal,
AUD00556,2024-01-14,STR1610,D-Mart,Hypermarket,Mumbai,West,Rahul Verma,Sunsilk,Sunsilk Color Protect Shampoo,SUN1000COL27,Color Protect,1000,8,54,14.81,Bottom,Left,True,0,109.74,,False,Clip Strip,True,Garnier,
AUD00557,2024-03-20,STR6618,HyperCity,Hypermarket,Hyderabad,South,Anita Patel,L'Oréal,L'Oréal Repair & Care Shampoo,L'O400REP56,Repair & Care,400,6,30,20.0,Top,Right,True,0,162.63,,False,Standard Shelf,True,Herbal Essences,
AUD00558,2024-06-17,STR6148,Wellness Forever,Pharmacy,Mumbai,West,Divya Nair,L'Oréal,L'Oréal Argan Oil Shampoo,L'O340ARG96,Argan Oil,340,7,34,20.59,Top,Center,True,0,458.6,,False,Gondola End,True,Dove,
AUD00559,2024-09-20,STR2215,More Supermarket,Supermarket,Mumbai,West,Anita Patel,Rejoice,Rejoice Volumizing Shampoo,REJ200VOL48,Volumizing,200,3,39,7.69,Mid,Center-Right,True,0,211.01,,False,Gondola End,True,Head & Shoulders,
AUD00560,2024-06-03,STR2703,Costco India,Wholesale,Mumbai,West,Rahul Verma,Garnier,Garnier Keratin Shampoo,GAR200KER82,Keratin,200,3,23,13.04,Bottom,Center-Right,False,5,441.33,,False,Clip Strip,False,Herbal Essences,
AUD00561,2024-05-13,STR8230,HyperCity,Hypermarket,Kolkata,East,Neha Gupta,Head & Shoulders,Head & Shoulders Argan Oil Shampoo,HEA1000ARG94,Argan Oil,1000,1,47,2.13,Mid,Center,True,0,318.27,,False,Free Standing Display,True,Dove,
AUD00562,2024-06-22,STR4445,More Supermarket,Supermarket,Pune,West,Anita Patel,Head & Shoulders,Head & Shoulders Keratin Shampoo,HEA200KER17,Keratin,200,6,46,13.04,Eye Level,Left,True,0,190.85,,False,Free Standing Display,True,Herbal Essences,
AUD00563,2024-02-02,STR1015,Spencer's,Supermarket,Jaipur,North,Rahul Verma,Clinic Plus,Clinic Plus Repair & Care Shampoo,CLI500REP79,Repair & Care,500,2,49,4.08,Mid,Right,True,0,476.65,,False,Standard Shelf,True,Sunsilk,
AUD00564,2024-04-18,STR4525,Wellness Forever,Pharmacy,Surat,West,Amit Singh,L'Oréal,L'Oréal Argan Oil Shampoo,L'O200ARG38,Argan Oil,200,6,20,30.0,Bottom,Center-Left,True,0,375.16,,False,Clip Strip,True,TRESemmé,
AUD00565,2024-10-21,STR4269,Reliance Fresh Extra,Hypermarket,Delhi,North,Divya Nair,Herbal Essences,Herbal Essences Keratin Shampoo,HER700KER92,Keratin,700,3,20,15.0,Bottom,Left,True,0,629.89,536.96,True,Gondola End,True,Dove,
AUD00566,2024-06-09,STR5922,Spencer's,Supermarket,Chennai,South,Amit Singh,L'Oréal,L'Oréal Charcoal Shampoo,L'O400CHA68,Charcoal,400,8,22,36.36,Bottom,Center-Left,True,0,445.13,,False,Free Standing Display,True,Dove,
AUD00567,2024-05-23,STR2119,QuickMart,Convenience,Surat,West,Suresh Kumar,Clinic Plus,Clinic Plus Charcoal Shampoo,CLI400CHA80,Charcoal,400,2,53,3.77,Mid,Left,True,0,191.84,160.3,True,Standard Shelf,True,Sunsilk,
AUD00568,2024-04-09,STR8405,HyperCity,Hypermarket,Jaipur,North,Rahul Verma,Clinic Plus,Clinic Plus Anti-Dandruff Shampoo,CLI400ANT63,Anti-Dandruff,400,5,26,19.23,Bottom,Center-Right,False,9,275.57,,False,End Cap,True,Sunsilk,
AUD00569,2024-09-17,STR6311,HyperCity,Hypermarket,Mumbai,West,Neha Gupta,TRESemmé,TRESemmé Volumizing Shampoo,TRE500VOL57,Volumizing,500,3,40,7.5,Eye Level,Center-Left,True,0,439.43,407.96,True,End Cap,True,Clinic Plus,
AUD00570,2024-04-11,STR1367,HyperCity,Hypermarket,Mumbai,West,Rahul Verma,Dove,Dove Argan Oil Shampoo,DOV340ARG81,Argan Oil,340,5,32,15.62,Bottom,Center-Left,True,0,397.64,,False,End Cap,True,L'Oréal,
AUD00571,2024-11-04,STR5221,MedPlus,Pharmacy,Pune,West,Neha Gupta,Clinic Plus,Clinic Plus Charcoal Shampoo,CLI400CHA65,Charcoal,400,3,49,6.12,Bottom,Center,True,0,451.44,374.06,True,Free Standing Display,True,Herbal Essences,
AUD00572,2024-01-12,STR5722,In & Out,Convenience,Chennai,South,Suresh Kumar,L'Oréal,L'Oréal Volumizing Shampoo,L'O1000VOL66,Volumizing,1000,4,60,6.67,Top,Center-Right,True,0,452.74,,False,Standard Shelf,False,Sunsilk,
AUD00573,2024-07-21,STR6969,D-Mart,Hypermarket,Chennai,South,Rahul Verma,Sunsilk,Sunsilk Volumizing Shampoo,SUN340VOL50,Volumizing,340,7,52,13.46,Eye Level,Left,True,0,321.66,,False,Clip Strip,True,Clinic Plus,
AUD00574,2024-04-15,STR5312,QuickMart,Convenience,Pune,West,Suresh Kumar,Garnier,Garnier Repair & Care Shampoo,GAR340REP21,Repair & Care,340,1,43,2.33,Bottom,Left,True,0,136.15,,False,Free Standing Display,True,Head & Shoulders,
AUD00575,2024-03-16,STR6739,Costco India,Wholesale,Ahmedabad,West,Priya Sharma,TRESemmé,TRESemmé Color Protect Shampoo,TRE500COL98,Color Protect,500,5,54,9.26,Mid,Left,True,0,163.16,152.54,True,Standard Shelf,False,Herbal Essences,
AUD00576,2024-03-22,STR5620,HyperCity,Hypermarket,Delhi,North,Divya Nair,Head & Shoulders,Head & Shoulders Repair & Care Shampoo,HEA700REP58,Repair & Care,700,2,31,6.45,Eye Level,Left,True,0,163.07,149.61,True,Clip Strip,True,Rejoice,
AUD00577,2024-11-17,STR3538,Nature's Basket,Supermarket,Pune,West,Vikram Rao,Rejoice,Rejoice Argan Oil Shampoo,REJ340ARG73,Argan Oil,340,4,36,11.11,Mid,Center,True,0,354.88,326.96,True,Standard Shelf,True,Dove,
AUD00578,2024-02-14,STR1348,Daily Needs,Convenience,Chennai,South,Vikram Rao,L'Oréal,L'Oréal Color Protect Shampoo,L'O400COL17,Color Protect,400,3,55,5.45,Bottom,Center-Right,True,0,441.98,,False,Standard Shelf,True,Dove,
AUD00579,2024-01-17,STR2066,Nature's Basket,Supermarket,Kolkata,East,Priya Sharma,Pantene,Pantene Anti-Dandruff Shampoo,PAN1000ANT61,Anti-Dandruff,1000,8,42,19.05,Mid,Center,True,0,418.29,,False,End Cap,True,Sunsilk,
AUD00580,2024-01-24,STR9086,D-Mart,Hypermarket,Hyderabad,South,Rahul Verma,Garnier,Garnier Volumizing Shampoo,GAR500VOL50,Volumizing,500,2,36,5.56,Bottom,Center-Left,True,0,113.22,98.99,True,Standard Shelf,True,Pantene,
AUD00581,2024-03-03,STR8651,Reliance Fresh,Supermarket,Pune,West,Neha Gupta,Clinic Plus,Clinic Plus Strengthening Shampoo,CLI200STR37,Strengthening,200,4,30,13.33,Eye Level,Center-Right,True,0,439.43,,False,Standard Shelf,True,Herbal Essences,
AUD00582,2024-05-29,STR8501,Apollo Pharmacy,Pharmacy,Jaipur,North,Vikram Rao,Garnier,Garnier Repair & Care Shampoo,GAR1000REP40,Repair & Care,1000,1,44,2.27,Mid,Right,True,0,601.64,,False,Gondola End,True,Sunsilk,
AUD00583,2024-06-24,STR3016,Spencer's,Supermarket,Hyderabad,South,Amit Singh,L'Oréal,L'Oréal Repair & Care Shampoo,L'O200REP53,Repair & Care,200,1,58,1.72,Top,Right,True,0,176.41,,False,Free Standing Display,True,Sunsilk,
AUD00584,2024-10-06,STR5011,7-Eleven,Convenience,Delhi,North,Suresh Kumar,Head & Shoulders,Head & Shoulders Color Protect Shampoo,HEA340COL53,Color Protect,340,2,30,6.67,Mid,Center,False,5,512.3,,False,Standard Shelf,True,L'Oréal,
AUD00585,2024-07-19,STR9115,In & Out,Convenience,Jaipur,North,Vikram Rao,TRESemmé,TRESemmé Repair & Care Shampoo,TRE400REP65,Repair & Care,400,6,20,30.0,Eye Level,Center-Right,True,0,276.35,,False,Free Standing Display,True,Dove,
AUD00586,2024-10-11,STR7857,Nature's Basket,Supermarket,Mumbai,West,Vikram Rao,Pantene,Pantene Repair & Care Shampoo,PAN700REP78,Repair & Care,700,6,46,13.04,Top,Right,True,0,363.89,294.15,True,Standard Shelf,True,L'Oréal,
AUD00587,2024-01-04,STR6097,BigBazaar,Hypermarket,Kolkata,East,Neha Gupta,Sunsilk,Sunsilk Smoothing Shampoo,SUN200SMO87,Smoothing,200,7,46,15.22,Eye Level,Center-Left,True,0,339.96,312.24,True,Free Standing Display,True,Clinic Plus,
AUD00588,2024-11-02,STR1650,Frank Ross,Pharmacy,Kolkata,East,Amit Singh,Pantene,Pantene Color Protect Shampoo,PAN700COL47,Color Protect,700,5,35,14.29,Top,Center,True,0,125.57,,False,Gondola End,True,Head & Shoulders,
AUD00589,2024-08-07,STR4603,D-Mart,Hypermarket,Delhi,North,Divya Nair,Pantene,Pantene Volumizing Shampoo,PAN400VOL70,Volumizing,400,5,59,8.47,Top,Center,True,0,259.16,,False,End Cap,True,TRESemmé,
AUD00590,2024-01-11,STR9898,Apollo Pharmacy,Pharmacy,Ahmedabad,West,Rahul Verma,Head & Shoulders,Head & Shoulders Strengthening Shampoo,HEA400STR97,Strengthening,400,8,31,25.81,Mid,Center-Left,True,0,324.42,,False,Standard Shelf,True,Garnier,
AUD00591,2024-07-27,STR5928,Spencer's,Supermarket,Delhi,North,Anita Patel,Sunsilk,Sunsilk Charcoal Shampoo,SUN200CHA80,Charcoal,200,5,32,15.62,Bottom,Right,True,0,548.5,492.04,True,Free Standing Display,False,Pantene,
AUD00592,2024-12-30,STR4908,Reliance Fresh,Supermarket,Kolkata,East,Amit Singh,Garnier,Garnier Moisturizing Shampoo,GAR700MOI64,Moisturizing,700,6,55,10.91,Top,Center-Right,True,0,142.09,130.77,True,Clip Strip,True,Pantene,
AUD00593,2024-01-31,STR3626,Costco India,Wholesale,Kolkata,East,Priya Sharma,Herbal Essences,Herbal Essences Smoothing Shampoo,HER500SMO75,Smoothing,500,7,24,29.17,Eye Level,Left,True,0,492.75,,False,Standard Shelf,False,Rejoice,
AUD00594,2024-09-28,STR8960,QuickMart,Convenience,Kolkata,East,Divya Nair,Herbal Essences,Herbal Essences Anti-Dandruff Shampoo,HER340ANT35,Anti-Dandruff,340,2,46,4.35,Mid,Center-Left,False,6,114.24,,False,Standard Shelf,True,Sunsilk,
AUD00595,2024-10-18,STR6253,WholesaleMart,Wholesale,Pune,West,Divya Nair,Pantene,Pantene Anti-Dandruff Shampoo,PAN200ANT86,Anti-Dandruff,200,5,56,8.93,Bottom,Left,False,14,124.45,,False,Gondola End,False,L'Oréal,
AUD00596,2024-04-21,STR6957,D-Mart,Hypermarket,Chennai,South,Suresh Kumar,Clinic Plus,Clinic Plus Volumizing Shampoo,CLI200VOL16,Volumizing,200,3,41,7.32,Eye Level,Center-Left,True,0,312.89,256.78,True,Clip Strip,True,Rejoice,
AUD00597,2024-01-31,STR7279,7-Eleven,Convenience,Surat,West,Suresh Kumar,L'Oréal,L'Oréal Color Protect Shampoo,L'O400COL27,Color Protect,400,1,48,2.08,Top,Right,True,0,384.56,,False,Free Standing Display,False,Sunsilk,
AUD00598,2024-01-18,STR3216,Reliance Fresh Extra,Hypermarket,Surat,West,Anita Patel,Dove,Dove Volumizing Shampoo,DOV700VOL90,Volumizing,700,8,48,16.67,Top,Center,True,0,214.09,,False,Clip Strip,True,Herbal Essences,
AUD00599,2024-09-15,STR2007,QuickMart,Convenience,Jaipur,North,Priya Sharma,Head & Shoulders,Head & Shoulders Moisturizing Shampoo,HEA1000MOI42,Moisturizing,1000,4,21,19.05,Eye Level,Left,True,0,549.12,514.09,True,Free Standing Display,True,Sunsilk,
AUD00600,2024-12-09,STR2962,Spencer's,Supermarket,Delhi,North,Amit Singh,Head & Shoulders,Head & Shoulders Smoothing Shampoo,HEA340SMO87,Smoothing,340,8,35,22.86,Eye Level,Center-Right,True,0,123.45,,False,Gondola End,True,Pantene,
AUD00601,2024-02-24,STR2972,MedPlus,Pharmacy,Hyderabad,South,Priya Sharma,Dove,Dove Moisturizing Shampoo,DOV200MOI91,Moisturizing,200,2,20,10.0,Eye Level,Center-Left,True,0,98.81,,False,Free Standing Display,True,Sunsilk,
AUD00602,2024-01-18,STR2368,7-Eleven,Convenience,Pune,West,Rahul Verma,TRESemmé,TRESemmé Volumizing Shampoo,TRE340VOL32,Volumizing,340,3,37,8.11,Eye Level,Center-Right,True,0,90.52,,False,End Cap,True,Garnier,
AUD00603,2024-01-04,STR4155,Booker,Wholesale,Pune,West,Suresh Kumar,Sunsilk,Sunsilk Charcoal Shampoo,SUN500CHA47,Charcoal,500,5,22,22.73,Mid,Right,True,0,179.18,152.1,True,Gondola End,True,Pantene,
AUD00604,2024-11-14,STR1598,7-Eleven,Convenience,Kolkata,East,Divya Nair,Garnier,Garnier Argan Oil Shampoo,GAR500ARG93,Argan Oil,500,1,32,3.12,Bottom,Center-Right,False,14,282.82,,False,Standard Shelf,False,Clinic Plus,
AUD00605,2024-09-20,STR8594,Apollo Pharmacy,Pharmacy,Jaipur,North,Priya Sharma,Head & Shoulders,Head & Shoulders Argan Oil Shampoo,HEA500ARG76,Argan Oil,500,1,30,3.33,Top,Left,True,0,441.64,,False,End Cap,True,Sunsilk,
AUD00606,2024-08-22,STR1260,Frank Ross,Pharmacy,Ahmedabad,West,Neha Gupta,Head & Shoulders,Head & Shoulders Anti-Dandruff Shampoo,HEA400ANT42,Anti-Dandruff,400,8,42,19.05,Bottom,Right,False,13,538.65,,False,Free Standing Display,True,Dove,
AUD00607,2024-11-10,STR1369,In & Out,Convenience,Pune,West,Divya Nair,Head & Shoulders,Head & Shoulders Smoothing Shampoo,HEA400SMO81,Smoothing,400,2,44,4.55,Mid,Right,True,0,642.44,560.42,True,Standard Shelf,True,Dove,
AUD00608,2024-12-01,STR6098,MedPlus,Pharmacy,Bangalore,South,Priya Sharma,Sunsilk,Sunsilk Smoothing Shampoo,SUN500SMO42,Smoothing,500,1,36,2.78,Bottom,Center-Left,True,0,142.0,,False,Standard Shelf,True,Dove,
AUD00609,2024-03-22,STR3170,Spencer's,Supermarket,Chennai,South,Anita Patel,Sunsilk,Sunsilk Argan Oil Shampoo,SUN400ARG32,Argan Oil,400,1,55,1.82,Bottom,Left,True,0,234.6,,False,Standard Shelf,True,Herbal Essences,
AUD00610,2024-07-09,STR1754,Daily Needs,Convenience,Kolkata,East,Anita Patel,Rejoice,Rejoice Repair & Care Shampoo,REJ340REP53,Repair & Care,340,2,41,4.88,Bottom,Left,True,0,237.86,219.11,True,Free Standing Display,False,Head & Shoulders,
AUD00611,2024-12-13,STR2603,Daily Needs,Convenience,Hyderabad,South,Rahul Verma,Head & Shoulders,Head & Shoulders Repair & Care Shampoo,HEA400REP58,Repair & Care,400,8,53,15.09,Bottom,Left,True,0,167.71,,False,End Cap,True,Pantene,
AUD00612,2024-05-17,STR9593,QuickMart,Convenience,Surat,West,Suresh Kumar,TRESemmé,TRESemmé Repair & Care Shampoo,TRE700REP90,Repair & Care,700,3,34,8.82,Top,Left,True,0,158.35,127.74,True,Free Standing Display,False,L'Oréal,
AUD00613,2024-01-22,STR6465,7-Eleven,Convenience,Chennai,South,Rahul Verma,Dove,Dove Argan Oil Shampoo,DOV1000ARG64,Argan Oil,1000,6,45,13.33,Eye Level,Center-Left,True,0,294.51,,False,Free Standing Display,True,Herbal Essences,
AUD00614,2024-04-07,STR4392,HyperCity,Hypermarket,Delhi,North,Divya Nair,TRESemmé,TRESemmé Moisturizing Shampoo,TRE1000MOI92,Moisturizing,1000,8,44,18.18,Bottom,Center,True,0,195.81,,False,Free Standing Display,True,Pantene,
AUD00615,2024-03-03,STR3388,Frank Ross,Pharmacy,Delhi,North,Vikram Rao,L'Oréal,L'Oréal Moisturizing Shampoo,L'O700MOI12,Moisturizing,700,1,46,2.17,Bottom,Center-Left,True,0,479.1,423.46,True,End Cap,False,Herbal Essences,
AUD00616,2024-03-03,STR7705,More Supermarket,Supermarket,Pune,West,Rahul Verma,Clinic Plus,Clinic Plus Argan Oil Shampoo,CLI1000ARG42,Argan Oil,1000,4,32,12.5,Top,Center,True,0,257.7,,False,Free Standing Display,True,Head & Shoulders,
AUD00617,2024-05-14,STR5657,BigBazaar,Hypermarket,Pune,West,Rahul Verma,Herbal Essences,Herbal Essences Smoothing Shampoo,HER340SMO97,Smoothing,340,6,54,11.11,Top,Center,True,0,630.12,,False,Free Standing Display,True,Garnier,
AUD00618,2024-11-12,STR1275,Reliance Fresh Extra,Hypermarket,Ahmedabad,West,Priya Sharma,L'Oréal,L'Oréal Strengthening Shampoo,L'O1000STR23,Strengthening,1000,7,35,20.0,Top,Center-Right,True,0,423.03,,False,Standard Shelf,False,Rejoice,
AUD00619,2024-08-05,STR3388,Reliance Fresh,Supermarket,Hyderabad,South,Amit Singh,Rejoice,Rejoice Color Protect Shampoo,REJ1000COL30,Color Protect,1000,8,42,19.05,Mid,Left,True,0,158.69,,False,End Cap,True,Dove,
AUD00620,2024-08-09,STR6571,D-Mart,Hypermarket,Ahmedabad,West,Rahul Verma,Garnier,Garnier Color Protect Shampoo,GAR340COL30,Color Protect,340,1,20,5.0,Eye Level,Right,True,0,495.32,415.74,True,Standard Shelf,True,Rejoice,
AUD00621,2024-12-16,STR6204,Booker,Wholesale,Surat,West,Neha Gupta,TRESemmé,TRESemmé Moisturizing Shampoo,TRE700MOI96,Moisturizing,700,4,21,19.05,Eye Level,Left,True,0,530.45,,False,Standard Shelf,True,Rejoice,
AUD00622,2024-07-18,STR5016,Wellness Forever,Pharmacy,Pune,West,Amit Singh,Clinic Plus,Clinic Plus Argan Oil Shampoo,CLI200ARG43,Argan Oil,200,5,35,14.29,Top,Center-Right,True,0,554.62,,False,Free Standing Display,True,Herbal Essences,
AUD00623,2024-04-06,STR6477,Spencer's,Supermarket,Hyderabad,South,Priya Sharma,Herbal Essences,Herbal Essences Argan Oil Shampoo,HER340ARG21,Argan Oil,340,7,30,23.33,Bottom,Left,True,0,322.18,,False,Gondola End,True,Pantene,
AUD00624,2024-12-23,STR8451,Apollo Pharmacy,Pharmacy,Kolkata,East,Neha Gupta,Pantene,Pantene Moisturizing Shampoo,PAN700MOI16,Moisturizing,700,3,44,6.82,Top,Right,True,0,320.96,,False,Standard Shelf,True,Rejoice,
AUD00625,2024-08-07,STR9101,Daily Needs,Convenience,Jaipur,North,Divya Nair,Garnier,Garnier Color Protect Shampoo,GAR1000COL14,Color Protect,1000,8,48,16.67,Top,Left,True,0,276.66,,False,Free Standing Display,True,Pantene,
AUD00626,2024-11-14,STR5473,Booker,Wholesale,Chennai,South,Suresh Kumar,Herbal Essences,Herbal Essences Color Protect Shampoo,HER700COL75,Color Protect,700,8,44,18.18,Mid,Center,True,0,614.22,542.56,True,Standard Shelf,True,Garnier,
AUD00627,2024-03-14,STR6963,7-Eleven,Convenience,Chennai,South,Rahul Verma,Garnier,Garnier Keratin Shampoo,GAR700KER90,Keratin,700,5,50,10.0,Eye Level,Right,True,0,316.13,269.63,True,Clip Strip,True,Pantene,
AUD00628,2024-10-21,STR2016,More Supermarket,Supermarket,Mumbai,West,Amit Singh,Herbal Essences,Herbal Essences Volumizing Shampoo,HER1000VOL40,Volumizing,1000,7,26,26.92,Top,Center-Right,True,0,292.02,,False,End Cap,True,Garnier,
AUD00629,2024-03-19,STR9509,Nature's Basket,Supermarket,Kolkata,East,Priya Sharma,L'Oréal,L'Oréal Argan Oil Shampoo,L'O700ARG53,Argan Oil,700,8,24,33.33,Eye Level,Left,False,1,479.04,,False,Standard Shelf,True,Dove,
AUD00630,2024-10-09,STR7635,MedPlus,Pharmacy,Delhi,North,Priya Sharma,Clinic Plus,Clinic Plus Charcoal Shampoo,CLI500CHA97,Charcoal,500,5,38,13.16,Top,Center,True,0,646.42,521.51,True,Gondola End,True,Herbal Essences,
AUD00631,2024-05-17,STR7090,Spencer's,Supermarket,Mumbai,West,Anita Patel,Dove,Dove Color Protect Shampoo,DOV1000COL13,Color Protect,1000,3,43,6.98,Top,Center-Left,True,0,405.62,329.41,True,Free Standing Display,True,L'Oréal,
AUD00632,2024-03-03,STR4045,Apollo Pharmacy,Pharmacy,Surat,West,Neha Gupta,Rejoice,Rejoice Moisturizing Shampoo,REJ400MOI56,Moisturizing,400,8,32,25.0,Bottom,Left,False,12,190.72,169.42,True,Free Standing Display,True,Clinic Plus,
AUD00633,2024-04-25,STR6809,HyperCity,Hypermarket,Ahmedabad,West,Neha Gupta,Dove,Dove Strengthening Shampoo,DOV340STR59,Strengthening,340,6,58,10.34,Bottom,Right,True,0,160.72,,False,Standard Shelf,True,Head & Shoulders,
AUD00634,2024-01-08,STR3511,More Supermarket,Supermarket,Jaipur,North,Divya Nair,Pantene,Pantene Strengthening Shampoo,PAN700STR78,Strengthening,700,2,54,3.7,Top,Left,True,0,213.19,,False,Standard Shelf,False,Sunsilk,
AUD00635,2024-12-23,STR9627,7-Eleven,Convenience,Kolkata,East,Anita Patel,Dove,Dove Anti-Dandruff Shampoo,DOV500ANT32,Anti-Dandruff,500,6,24,25.0,Top,Center-Left,True,0,82.87,,False,Standard Shelf,True,Pantene,
AUD00636,2024-11-13,STR5250,Apollo Pharmacy,Pharmacy,Pune,West,Divya Nair,Pantene,Pantene Argan Oil Shampoo,PAN400ARG47,Argan Oil,400,8,20,40.0,Top,Center-Left,True,0,255.29,,False,Standard Shelf,False,Rejoice,
AUD00637,2024-03-23,STR1048,In & Out,Convenience,Ahmedabad,West,Divya Nair,Clinic Plus,Clinic Plus Keratin Shampoo,CLI500KER79,Keratin,500,5,38,13.16,Eye Level,Left,True,0,98.87,,False,Clip Strip,False,Sunsilk,
AUD00638,2024-05-02,STR4701,Spencer's,Supermarket,Ahmedabad,West,Anita Patel,L'Oréal,L'Oréal Argan Oil Shampoo,L'O500ARG38,Argan Oil,500,6,29,20.69,Eye Level,Center-Left,True,0,363.85,332.11,True,Gondola End,True,Rejoice,
AUD00639,2024-11-26,STR4636,Reliance Fresh,Supermarket,Pune,West,Suresh Kumar,Garnier,Garnier Keratin Shampoo,GAR500KER50,Keratin,500,8,47,17.02,Top,Center,False,5,570.11,,False,Standard Shelf,True,Dove,
AUD00640,2024-10-25,STR3069,Costco India,Wholesale,Ahmedabad,West,Divya Nair,Dove,Dove Repair & Care Shampoo,DOV200REP34,Repair & Care,200,6,38,15.79,Eye Level,Right,False,13,323.59,260.21,True,Clip Strip,False,TRESemmé,
AUD00641,2024-06-30,STR3309,Nature's Basket,Supermarket,Bangalore,South,Amit Singh,Clinic Plus,Clinic Plus Keratin Shampoo,CLI400KER72,Keratin,400,2,23,8.7,Bottom,Center,True,0,214.14,,False,Standard Shelf,True,Rejoice,
AUD00642,2024-02-23,STR6827,Booker,Wholesale,Ahmedabad,West,Divya Nair,Dove,Dove Volumizing Shampoo,DOV400VOL18,Volumizing,400,3,49,6.12,Bottom,Center-Left,True,0,442.03,,False,Standard Shelf,False,TRESemmé,
AUD00643,2024-06-13,STR4928,WholesaleMart,Wholesale,Kolkata,East,Vikram Rao,Dove,Dove Strengthening Shampoo,DOV700STR58,Strengthening,700,1,36,2.78,Eye Level,Center,True,0,642.62,548.29,True,End Cap,True,Clinic Plus,
AUD00644,2024-12-02,STR3815,D-Mart,Hypermarket,Chennai,South,Neha Gupta,Pantene,Pantene Strengthening Shampoo,PAN1000STR37,Strengthening,1000,3,21,14.29,Top,Center-Left,True,0,147.83,,False,Gondola End,True,Sunsilk,
AUD00645,2024-12-02,STR1088,BigBazaar,Hypermarket,Chennai,South,Rahul Verma,Garnier,Garnier Anti-Dandruff Shampoo,GAR200ANT95,Anti-Dandruff,200,3,24,12.5,Eye Level,Left,True,0,135.21,125.41,True,Standard Shelf,False,L'Oréal,
AUD00646,2024-05-07,STR3305,Frank Ross,Pharmacy,Pune,West,Divya Nair,Garnier,Garnier Charcoal Shampoo,GAR1000CHA48,Charcoal,1000,7,43,16.28,Mid,Center-Left,True,0,277.88,,False,Standard Shelf,True,L'Oréal,
AUD00647,2024-08-03,STR5149,D-Mart,Hypermarket,Kolkata,East,Divya Nair,L'Oréal,L'Oréal Strengthening Shampoo,L'O500STR14,Strengthening,500,1,39,2.56,Top,Center,False,13,119.3,,False,Free Standing Display,True,Rejoice,
AUD00648,2024-11-08,STR3938,Metro Cash & Carry,Wholesale,Bangalore,South,Divya Nair,Pantene,Pantene Strengthening Shampoo,PAN1000STR87,Strengthening,1000,6,50,12.0,Mid,Left,True,0,492.11,,False,Standard Shelf,True,Rejoice,
AUD00649,2024-09-10,STR1001,Nature's Basket,Supermarket,Surat,West,Amit Singh,Sunsilk,Sunsilk Smoothing Shampoo,SUN700SMO46,Smoothing,700,8,43,18.6,Mid,Center,True,0,410.07,,False,Clip Strip,False,Herbal Essences,
AUD00650,2024-11-28,STR9753,Reliance Fresh,Supermarket,Delhi,North,Anita Patel,L'Oréal,L'Oréal Moisturizing Shampoo,L'O700MOI67,Moisturizing,700,3,21,14.29,Mid,Center-Right,True,0,497.75,,False,Standard Shelf,False,Pantene,
AUD00651,2024-02-17,STR7487,In & Out,Convenience,Bangalore,South,Vikram Rao,Garnier,Garnier Smoothing Shampoo,GAR500SMO71,Smoothing,500,1,30,3.33,Mid,Center-Right,False,5,522.39,,False,End Cap,False,Head & Shoulders,
AUD00652,2024-10-20,STR4643,More Supermarket,Supermarket,Delhi,North,Suresh Kumar,Sunsilk,Sunsilk Smoothing Shampoo,SUN400SMO56,Smoothing,400,5,42,11.9,Mid,Center,True,0,588.74,516.7,True,Standard Shelf,True,Dove,
AUD00653,2024-07-16,STR4491,Spencer's,Supermarket,Chennai,South,Vikram Rao,L'Oréal,L'Oréal Smoothing Shampoo,L'O340SMO89,Smoothing,340,5,47,10.64,Mid,Left,True,0,233.85,,False,Gondola End,True,Sunsilk,
AUD00654,2024-11-06,STR8975,Nature's Basket,Supermarket,Bangalore,South,Anita Patel,Sunsilk,Sunsilk Anti-Dandruff Shampoo,SUN700ANT65,Anti-Dandruff,700,6,31,19.35,Top,Center-Left,False,13,218.48,188.96,True,Gondola End,True,Rejoice,
AUD00655,2024-10-08,STR2152,Spencer's,Supermarket,Jaipur,North,Rahul Verma,Head & Shoulders,Head & Shoulders Moisturizing Shampoo,HEA200MOI65,Moisturizing,200,1,28,3.57,Top,Left,True,0,525.59,,False,Standard Shelf,True,Herbal Essences,
AUD00656,2024-12-10,STR6115,Nature's Basket,Supermarket,Hyderabad,South,Vikram Rao,Sunsilk,Sunsilk Moisturizing Shampoo,SUN200MOI44,Moisturizing,200,6,39,15.38,Bottom,Center-Left,True,0,90.77,,False,End Cap,True,Head & Shoulders,
AUD00657,2024-06-24,STR5856,More Supermarket,Supermarket,Bangalore,South,Suresh Kumar,Clinic Plus,Clinic Plus Anti-Dandruff Shampoo,CLI200ANT18,Anti-Dandruff,200,5,57,8.77,Mid,Center,True,0,489.11,,False,Standard Shelf,True,Herbal Essences,
AUD00658,2024-12-03,STR1903,Metro Cash & Carry,Wholesale,Delhi,North,Divya Nair,Rejoice,Rejoice Volumizing Shampoo,REJ1000VOL49,Volumizing,1000,7,46,15.22,Mid,Center,False,13,632.07,,False,Free Standing Display,True,Garnier,
AUD00659,2024-12-27,STR7950,HyperCity,Hypermarket,Delhi,North,Rahul Verma,Clinic Plus,Clinic Plus Volumizing Shampoo,CLI1000VOL13,Volumizing,1000,1,49,2.04,Bottom,Center,True,0,555.64,492.9,True,Clip Strip,True,Garnier,
AUD00660,2024-05-07,STR7150,QuickMart,Convenience,Kolkata,East,Suresh Kumar,Garnier,Garnier Moisturizing Shampoo,GAR700MOI40,Moisturizing,700,8,32,25.0,Top,Center,True,0,334.54,,False,Gondola End,False,Pantene,
AUD00661,2024-11-21,STR3450,QuickMart,Convenience,Bangalore,South,Amit Singh,Rejoice,Rejoice Color Protect Shampoo,REJ200COL21,Color Protect,200,3,48,6.25,Bottom,Center-Right,True,0,427.47,354.18,True,Free Standing Display,True,Dove,
AUD00662,2024-08-04,STR2153,In & Out,Convenience,Ahmedabad,West,Vikram Rao,Pantene,Pantene Charcoal Shampoo,PAN200CHA37,Charcoal,200,4,48,8.33,Eye Level,Center,True,0,174.96,,False,End Cap,True,Garnier,
AUD00663,2024-07-24,STR6349,BigBazaar,Hypermarket,Kolkata,East,Divya Nair,TRESemmé,TRESemmé Strengthening Shampoo,TRE200STR16,Strengthening,200,2,37,5.41,Bottom,Center,True,0,271.22,,False,Standard Shelf,True,Dove,
AUD00664,2024-03-23,STR7278,Spencer's,Supermarket,Ahmedabad,West,Priya Sharma,Garnier,Garnier Moisturizing Shampoo,GAR700MOI15,Moisturizing,700,1,43,2.33,Top,Center,True,0,610.6,495.6,True,Clip Strip,False,Sunsilk,
AUD00665,2024-02-11,STR3856,HyperCity,Hypermarket,Kolkata,East,Anita Patel,Rejoice,Rejoice Keratin Shampoo,REJ1000KER35,Keratin,1000,3,52,5.77,Eye Level,Center-Right,False,13,147.66,,False,Free Standing Display,True,Dove,
AUD00666,2024-01-01,STR3568,Metro Cash & Carry,Wholesale,Bangalore,South,Neha Gupta,TRESemmé,TRESemmé Repair & Care Shampoo,TRE200REP55,Repair & Care,200,5,48,10.42,Eye Level,Center-Left,True,0,495.68,,False,Standard Shelf,True,Clinic Plus,
AUD00667,2024-01-21,STR7163,Frank Ross,Pharmacy,Kolkata,East,Priya Sharma,Sunsilk,Sunsilk Smoothing Shampoo,SUN200SMO53,Smoothing,200,5,39,12.82,Top,Center-Right,True,0,446.87,366.43,True,Gondola End,False,Rejoice,
AUD00668,2024-10-13,STR3855,Reliance Fresh Extra,Hypermarket,Surat,West,Anita Patel,Garnier,Garnier Charcoal Shampoo,GAR200CHA27,Charcoal,200,2,29,6.9,Mid,Center-Right,True,0,98.79,,False,Free Standing Display,True,Rejoice,
AUD00669,2024-12-09,STR1855,Booker,Wholesale,Jaipur,North,Rahul Verma,Clinic Plus,Clinic Plus Color Protect Shampoo,CLI700COL72,Color Protect,700,5,27,18.52,Eye Level,Left,True,0,628.75,,False,End Cap,True,Dove,
AUD00670,2024-09-26,STR9385,MedPlus,Pharmacy,Jaipur,North,Amit Singh,Dove,Dove Repair & Care Shampoo,DOV1000REP49,Repair & Care,1000,1,49,2.04,Mid,Left,True,0,417.61,,False,Gondola End,True,Herbal Essences,
AUD00671,2024-02-03,STR7112,7-Eleven,Convenience,Hyderabad,South,Neha Gupta,Rejoice,Rejoice Strengthening Shampoo,REJ700STR49,Strengthening,700,5,50,10.0,Top,Center,True,0,538.29,495.13,True,End Cap,True,Herbal Essences,
AUD00672,2024-06-15,STR1131,Metro Cash & Carry,Wholesale,Chennai,South,Priya Sharma,L'Oréal,L'Oréal Charcoal Shampoo,L'O500CHA52,Charcoal,500,7,45,15.56,Bottom,Right,True,0,270.88,218.97,True,End Cap,True,Herbal Essences,
AUD00673,2024-01-13,STR5196,HyperCity,Hypermarket,Ahmedabad,West,Priya Sharma,Rejoice,Rejoice Smoothing Shampoo,REJ500SMO85,Smoothing,500,5,41,12.2,Bottom,Center-Left,True,0,483.54,,False,Gondola End,True,Garnier,
AUD00674,2024-09-23,STR2564,QuickMart,Convenience,Mumbai,West,Amit Singh,Head & Shoulders,Head & Shoulders Charcoal Shampoo,HEA200CHA59,Charcoal,200,5,21,23.81,Top,Right,True,0,538.08,441.8,True,Gondola End,False,Rejoice,
AUD00675,2024-05-26,STR7824,QuickMart,Convenience,Hyderabad,South,Neha Gupta,Head & Shoulders,Head & Shoulders Argan Oil Shampoo,HEA700ARG89,Argan Oil,700,1,24,4.17,Top,Left,True,0,532.78,,False,Standard Shelf,True,Garnier,
AUD00676,2024-01-12,STR6337,QuickMart,Convenience,Ahmedabad,West,Vikram Rao,Dove,Dove Volumizing Shampoo,DOV400VOL66,Volumizing,400,6,32,18.75,Bottom,Center-Left,True,0,98.55,85.98,True,Free Standing Display,True,L'Oréal,
AUD00677,2024-03-05,STR8787,Frank Ross,Pharmacy,Kolkata,East,Anita Patel,Rejoice,Rejoice Smoothing Shampoo,REJ200SMO52,Smoothing,200,4,34,11.76,Top,Center,True,0,556.13,,False,Standard Shelf,False,Sunsilk,
AUD00678,2024-10-31,STR2389,Booker,Wholesale,Delhi,North,Suresh Kumar,Clinic Plus,Clinic Plus Keratin Shampoo,CLI400KER90,Keratin,400,5,33,15.15,Mid,Right,True,0,556.49,500.66,True,Standard Shelf,True,Dove,
AUD00679,2024-12-06,STR5099,7-Eleven,Convenience,Pune,West,Priya Sharma,Clinic Plus,Clinic Plus Repair & Care Shampoo,CLI400REP49,Repair & Care,400,2,30,6.67,Top,Center-Left,False,13,457.8,,False,Clip Strip,True,TRESemmé,
AUD00680,2024-10-05,STR8800,MedPlus,Pharmacy,Delhi,North,Divya Nair,Rejoice,Rejoice Anti-Dandruff Shampoo,REJ340ANT67,Anti-Dandruff,340,3,52,5.77,Mid,Center-Right,True,0,600.61,,False,Standard Shelf,True,TRESemmé,
AUD00681,2024-04-25,STR9727,Spencer's,Supermarket,Jaipur,North,Amit Singh,Rejoice,Rejoice Smoothing Shampoo,REJ1000SMO58,Smoothing,1000,5,32,15.62,Top,Left,True,0,237.46,,False,Standard Shelf,True,Herbal Essences,
AUD00682,2024-05-31,STR9284,Frank Ross,Pharmacy,Pune,West,Anita Patel,Sunsilk,Sunsilk Strengthening Shampoo,SUN1000STR68,Strengthening,1000,6,24,25.0,Eye Level,Left,True,0,486.93,,False,End Cap,False,TRESemmé,
AUD00683,2024-02-06,STR3701,Daily Needs,Convenience,Jaipur,North,Suresh Kumar,Sunsilk,Sunsilk Smoothing Shampoo,SUN340SMO21,Smoothing,340,5,34,14.71,Eye Level,Left,True,0,265.22,,False,Standard Shelf,True,Garnier,
AUD00684,2024-01-27,STR1977,Spencer's,Supermarket,Delhi,North,Anita Patel,Head & Shoulders,Head & Shoulders Color Protect Shampoo,HEA200COL52,Color Protect,200,7,34,20.59,Mid,Center-Right,True,0,80.95,,False,End Cap,False,TRESemmé,
AUD00685,2024-04-07,STR3546,Daily Needs,Convenience,Hyderabad,South,Neha Gupta,Rejoice,Rejoice Anti-Dandruff Shampoo,REJ200ANT92,Anti-Dandruff,200,7,33,21.21,Bottom,Center-Right,False,8,456.16,,False,Standard Shelf,True,Dove,
AUD00686,2024-06-27,STR7147,MedPlus,Pharmacy,Mumbai,West,Neha Gupta,Head & Shoulders,Head & Shoulders Argan Oil Shampoo,HEA700ARG50,Argan Oil,700,4,32,12.5,Mid,Center-Left,True,0,489.96,453.33,True,End Cap,True,Sunsilk,
AUD00687,2024-08-20,STR3183,More Supermarket,Supermarket,Mumbai,West,Divya Nair,Head & Shoulders,Head & Shoulders Charcoal Shampoo,HEA200CHA36,Charcoal,200,5,49,10.2,Top,Left,True,0,222.08,201.9,True,Clip Strip,True,Sunsilk,
AUD00688,2024-01-07,STR1136,Metro Cash & Carry,Wholesale,Jaipur,North,Vikram Rao,L'Oréal,L'Oréal Charcoal Shampoo,L'O400CHA60,Charcoal,400,2,49,4.08,Mid,Center,True,0,114.33,101.42,True,Standard Shelf,False,Herbal Essences,
AUD00689,2024-06-12,STR3415,7-Eleven,Convenience,Jaipur,North,Rahul Verma,Clinic Plus,Clinic Plus Color Protect Shampoo,CLI200COL88,Color Protect,200,7,49,14.29,Bottom,Center-Left,True,0,639.17,,False,Standard Shelf,False,L'Oréal,
AUD00690,2024-12-15,STR8549,More Supermarket,Supermarket,Mumbai,West,Neha Gupta,TRESemmé,TRESemmé Smoothing Shampoo,TRE400SMO80,Smoothing,400,4,44,9.09,Bottom,Center,False,11,536.53,,False,Free Standing Display,True,Herbal Essences,
AUD00691,2024-01-08,STR8353,HyperCity,Hypermarket,Kolkata,East,Divya Nair,Head & Shoulders,Head & Shoulders Moisturizing Shampoo,HEA700MOI19,Moisturizing,700,8,49,16.33,Mid,Center-Left,True,0,612.89,,False,Free Standing Display,True,Garnier,
AUD00692,2024-12-15,STR5662,D-Mart,Hypermarket,Pune,West,Amit Singh,Rejoice,Rejoice Charcoal Shampoo,REJ500CHA74,Charcoal,500,6,56,10.71,Mid,Left,True,0,347.83,,False,Standard Shelf,True,Dove,
AUD00693,2024-12-30,STR4793,Frank Ross,Pharmacy,Pune,West,Rahul Verma,Garnier,Garnier Volumizing Shampoo,GAR1000VOL15,Volumizing,1000,5,36,13.89,Mid,Center,True,0,362.83,,False,Standard Shelf,True,Pantene,
AUD00694,2024-02-10,STR2506,7-Eleven,Convenience,Ahmedabad,West,Vikram Rao,Sunsilk,Sunsilk Charcoal Shampoo,SUN700CHA99,Charcoal,700,7,39,17.95,Mid,Right,True,0,645.79,,False,Gondola End,True,Head & Shoulders,
AUD00695,2024-09-01,STR2390,HyperCity,Hypermarket,Pune,West,Suresh Kumar,TRESemmé,TRESemmé Argan Oil Shampoo,TRE400ARG69,Argan Oil,400,3,36,8.33,Mid,Center,True,0,116.87,98.49,True,Gondola End,True,Garnier,
AUD00696,2024-08-15,STR3097,More Supermarket,Supermarket,Pune,West,Suresh Kumar,Dove,Dove Keratin Shampoo,DOV700KER87,Keratin,700,8,33,24.24,Top,Left,True,0,152.11,,False,Clip Strip,True,Head & Shoulders,
AUD00697,2024-03-19,STR1322,More Supermarket,Supermarket,Chennai,South,Neha Gupta,Rejoice,Rejoice Color Protect Shampoo,REJ1000COL90,Color Protect,1000,7,40,17.5,Eye Level,Center,True,0,503.16,,False,Standard Shelf,True,Herbal Essences,
AUD00698,2024-10-21,STR3398,Booker,Wholesale,Bangalore,South,Vikram Rao,Sunsilk,Sunsilk Repair & Care Shampoo,SUN400REP48,Repair & Care,400,7,43,16.28,Eye Level,Center,True,0,288.95,,False,Gondola End,True,Pantene,
AUD00699,2024-10-20,STR2579,Daily Needs,Convenience,Mumbai,West,Suresh Kumar,Garnier,Garnier Moisturizing Shampoo,GAR400MOI14,Moisturizing,400,7,57,12.28,Bottom,Center,True,0,628.7,554.58,True,Gondola End,True,Pantene,
AUD00700,2024-12-05,STR5740,Spencer's,Supermarket,Bangalore,South,Priya Sharma,Pantene,Pantene Strengthening Shampoo,PAN1000STR31,Strengthening,1000,2,38,5.26,Top,Left,True,0,373.36,,False,Free Standing Display,False,Head & Shoulders,
AUD00701,2024-05-09,STR1740,Booker,Wholesale,Chennai,South,Rahul Verma,Head & Shoulders,Head & Shoulders Charcoal Shampoo,HEA700CHA35,Charcoal,700,2,42,4.76,Top,Left,False,11,616.69,,False,Standard Shelf,False,Dove,
AUD00702,2024-01-05,STR3096,Metro Cash & Carry,Wholesale,Kolkata,East,Rahul Verma,Garnier,Garnier Strengthening Shampoo,GAR700STR37,Strengthening,700,6,42,14.29,Bottom,Center-Right,True,0,428.96,,False,End Cap,True,Dove,
AUD00703,2024-06-04,STR2444,BigBazaar,Hypermarket,Mumbai,West,Anita Patel,Clinic Plus,Clinic Plus Keratin Shampoo,CLI1000KER61,Keratin,1000,2,50,4.0,Top,Center-Right,True,0,446.71,,False,Gondola End,True,Pantene,
AUD00704,2024-11-23,STR7080,Reliance Fresh Extra,Hypermarket,Jaipur,North,Divya Nair,L'Oréal,L'Oréal Argan Oil Shampoo,L'O400ARG38,Argan Oil,400,4,41,9.76,Eye Level,Center,True,0,423.05,349.28,True,Free Standing Display,True,Dove,
AUD00705,2024-10-18,STR9522,Apollo Pharmacy,Pharmacy,Kolkata,East,Anita Patel,Pantene,Pantene Charcoal Shampoo,PAN500CHA29,Charcoal,500,1,39,2.56,Bottom,Center-Right,False,6,298.26,240.14,True,Clip Strip,False,Garnier,
AUD00706,2024-06-17,STR9598,Booker,Wholesale,Mumbai,West,Amit Singh,Herbal Essences,Herbal Essences Anti-Dandruff Shampoo,HER1000ANT33,Anti-Dandruff,1000,1,59,1.69,Top,Center-Left,True,0,244.05,202.2,True,Clip Strip,True,L'Oréal,
AUD00707,2024-06-28,STR5448,BigBazaar,Hypermarket,Chennai,South,Rahul Verma,Rejoice,Rejoice Color Protect Shampoo,REJ700COL90,Color Protect,700,8,49,16.33,Bottom,Right,True,0,605.37,,False,End Cap,True,Head & Shoulders,
AUD00708,2024-05-16,STR1284,Frank Ross,Pharmacy,Bangalore,South,Divya Nair,Rejoice,Rejoice Keratin Shampoo,REJ700KER60,Keratin,700,4,54,7.41,Bottom,Left,True,0,648.71,,False,Clip Strip,True,Clinic Plus,
AUD00709,2024-06-30,STR1960,Spencer's,Supermarket,Hyderabad,South,Neha Gupta,TRESemmé,TRESemmé Repair & Care Shampoo,TRE700REP23,Repair & Care,700,2,36,5.56,Bottom,Center,True,0,627.5,,False,End Cap,True,L'Oréal,
AUD00710,2024-04-23,STR1573,Costco India,Wholesale,Surat,West,Suresh Kumar,Garnier,Garnier Charcoal Shampoo,GAR340CHA78,Charcoal,340,6,56,10.71,Eye Level,Center,True,0,323.84,,False,Gondola End,True,Clinic Plus,
AUD00711,2024-02-14,STR1150,HyperCity,Hypermarket,Delhi,North,Priya Sharma,Garnier,Garnier Anti-Dandruff Shampoo,GAR200ANT59,Anti-Dandruff,200,8,38,21.05,Eye Level,Center-Left,True,0,311.22,,False,End Cap,True,Rejoice,
AUD00712,2024-02-22,STR3309,In & Out,Convenience,Chennai,South,Vikram Rao,Sunsilk,Sunsilk Moisturizing Shampoo,SUN700MOI17,Moisturizing,700,1,22,4.55,Eye Level,Center-Left,True,0,479.14,,False,Gondola End,True,Garnier,
AUD00713,2024-03-20,STR6286,More Supermarket,Supermarket,Mumbai,West,Amit Singh,Rejoice,Rejoice Strengthening Shampoo,REJ1000STR59,Strengthening,1000,8,29,27.59,Bottom,Right,True,0,241.85,,False,Standard Shelf,True,Herbal Essences,
AUD00714,2024-04-14,STR6800,Daily Needs,Convenience,Jaipur,North,Rahul Verma,Garnier,Garnier Charcoal Shampoo,GAR500CHA13,Charcoal,500,4,50,8.0,Bottom,Center-Left,True,0,577.13,,False,Free Standing Display,True,TRESemmé,
AUD00715,2024-11-12,STR8829,MedPlus,Pharmacy,Hyderabad,South,Neha Gupta,Dove,Dove Anti-Dandruff Shampoo,DOV200ANT19,Anti-Dandruff,200,8,35,22.86,Eye Level,Left,True,0,540.56,,False,Free Standing Display,True,Clinic Plus,
AUD00716,2024-02-16,STR5049,MedPlus,Pharmacy,Kolkata,East,Amit Singh,Rejoice,Rejoice Strengthening Shampoo,REJ700STR60,Strengthening,700,1,50,2.0,Eye Level,Center-Right,True,0,394.33,,False,Standard Shelf,False,Dove,
AUD00717,2024-06-04,STR7493,More Supermarket,Supermarket,Hyderabad,South,Priya Sharma,L'Oréal,L'Oréal Color Protect Shampoo,L'O400COL40,Color Protect,400,1,51,1.96,Bottom,Center-Right,True,0,445.32,,False,Standard Shelf,True,Rejoice,
AUD00718,2024-10-08,STR8956,Wellness Forever,Pharmacy,Ahmedabad,West,Vikram Rao,Rejoice,Rejoice Smoothing Shampoo,REJ200SMO12,Smoothing,200,6,22,27.27,Bottom,Left,True,0,400.55,356.12,True,Standard Shelf,True,Pantene,
AUD00719,2024-01-05,STR8929,Metro Cash & Carry,Wholesale,Ahmedabad,West,Divya Nair,Sunsilk,Sunsilk Keratin Shampoo,SUN700KER68,Keratin,700,8,41,19.51,Mid,Center-Right,True,0,460.42,386.25,True,Standard Shelf,False,L'Oréal,
AUD00720,2024-12-16,STR1672,Spencer's,Supermarket,Chennai,South,Rahul Verma,Rejoice,Rejoice Smoothing Shampoo,REJ1000SMO58,Smoothing,1000,3,48,6.25,Eye Level,Right,False,10,340.98,317.67,True,End Cap,True,Sunsilk,
AUD00721,2024-07-15,STR3113,Daily Needs,Convenience,Jaipur,North,Divya Nair,Herbal Essences,Herbal Essences Volumizing Shampoo,HER200VOL94,Volumizing,200,4,41,9.76,Bottom,Center,True,0,274.72,228.48,True,Free Standing Display,False,L'Oréal,
AUD00722,2024-07-18,STR7782,QuickMart,Convenience,Hyderabad,South,Divya Nair,Pantene,Pantene Charcoal Shampoo,PAN400CHA79,Charcoal,400,3,56,5.36,Top,Center-Right,True,0,135.97,,False,End Cap,False,Head & Shoulders,
AUD00723,2024-10-05,STR7409,7-Eleven,Convenience,Ahmedabad,West,Rahul Verma,Sunsilk,Sunsilk Strengthening Shampoo,SUN200STR84,Strengthening,200,7,21,33.33,Mid,Left,True,0,304.51,,False,Standard Shelf,True,Head & Shoulders,
AUD00724,2024-03-19,STR2604,Apollo Pharmacy,Pharmacy,Chennai,South,Anita Patel,Sunsilk,Sunsilk Moisturizing Shampoo,SUN700MOI13,Moisturizing,700,7,32,21.88,Top,Center,False,5,577.66,,False,Standard Shelf,True,Herbal Essences,
AUD00725,2024-04-22,STR7246,Spencer's,Supermarket,Delhi,North,Vikram Rao,Head & Shoulders,Head & Shoulders Repair & Care Shampoo,HEA1000REP55,Repair & Care,1000,7,44,15.91,Bottom,Left,True,0,556.64,,False,Standard Shelf,False,Sunsilk,
AUD00726,2024-07-03,STR8231,BigBazaar,Hypermarket,Delhi,North,Amit Singh,Pantene,Pantene Smoothing Shampoo,PAN340SMO43,Smoothing,340,6,21,28.57,Bottom,Left,True,0,417.6,,False,Gondola End,True,L'Oréal,
AUD00727,2024-02-16,STR2160,MedPlus,Pharmacy,Kolkata,East,Divya Nair,Sunsilk,Sunsilk Keratin Shampoo,SUN1000KER30,Keratin,1000,7,41,17.07,Top,Center-Right,True,0,327.33,,False,Standard Shelf,True,Pantene,
AUD00728,2024-11-08,STR3105,Frank Ross,Pharmacy,Bangalore,South,Neha Gupta,Pantene,Pantene Charcoal Shampoo,PAN400CHA77,Charcoal,400,1,37,2.7,Top,Center-Right,True,0,640.74,541.92,True,Clip Strip,False,Garnier,
AUD00729,2024-03-07,STR5490,HyperCity,Hypermarket,Chennai,South,Amit Singh,Sunsilk,Sunsilk Moisturizing Shampoo,SUN340MOI14,Moisturizing,340,5,24,20.83,Bottom,Center,True,0,262.29,211.44,True,End Cap,True,TRESemmé,
AUD00730,2024-06-01,STR9543,Spencer's,Supermarket,Ahmedabad,West,Rahul Verma,Head & Shoulders,Head & Shoulders Color Protect Shampoo,HEA700COL55,Color Protect,700,5,30,16.67,Bottom,Center-Left,True,0,519.42,,False,Clip Strip,True,Herbal Essences,
AUD00731,2024-07-17,STR7679,Nature's Basket,Supermarket,Kolkata,East,Anita Patel,Dove,Dove Strengthening Shampoo,DOV700STR55,Strengthening,700,3,36,8.33,Mid,Center-Right,True,0,456.65,,False,Gondola End,True,Head & Shoulders,
AUD00732,2024-02-19,STR2518,WholesaleMart,Wholesale,Jaipur,North,Amit Singh,TRESemmé,TRESemmé Smoothing Shampoo,TRE200SMO52,Smoothing,200,5,39,12.82,Top,Center,True,0,589.63,492.2,True,Gondola End,True,Clinic Plus,
AUD00733,2024-08-15,STR8631,In & Out,Convenience,Jaipur,North,Suresh Kumar,Clinic Plus,Clinic Plus Keratin Shampoo,CLI500KER80,Keratin,500,6,30,20.0,Bottom,Center-Left,True,0,350.03,314.53,True,Standard Shelf,True,Sunsilk,
AUD00734,2024-07-30,STR1186,Frank Ross,Pharmacy,Pune,West,Priya Sharma,Sunsilk,Sunsilk Argan Oil Shampoo,SUN340ARG54,Argan Oil,340,5,25,20.0,Top,Center-Right,True,0,614.19,552.1,True,Standard Shelf,False,Rejoice,
AUD00735,2024-08-26,STR4230,Nature's Basket,Supermarket,Bangalore,South,Amit Singh,Rejoice,Rejoice Anti-Dandruff Shampoo,REJ1000ANT51,Anti-Dandruff,1000,1,60,1.67,Eye Level,Center-Left,True,0,565.08,,False,Free Standing Display,False,Garnier,
AUD00736,2024-10-05,STR8324,Wellness Forever,Pharmacy,Bangalore,South,Divya Nair,TRESemmé,TRESemmé Strengthening Shampoo,TRE1000STR94,Strengthening,1000,8,21,38.1,Mid,Center,True,0,125.77,,False,Standard Shelf,True,L'Oréal,
AUD00737,2024-11-20,STR9087,7-Eleven,Convenience,Chennai,South,Neha Gupta,Garnier,Garnier Charcoal Shampoo,GAR340CHA20,Charcoal,340,7,44,15.91,Bottom,Left,True,0,525.81,490.63,True,End Cap,True,Head & Shoulders,
AUD00738,2024-05-02,STR7890,Reliance Fresh Extra,Hypermarket,Delhi,North,Priya Sharma,Dove,Dove Smoothing Shampoo,DOV700SMO46,Smoothing,700,3,44,6.82,Eye Level,Left,False,5,488.29,421.11,True,End Cap,True,Head & Shoulders,
AUD00739,2024-06-05,STR1111,Metro Cash & Carry,Wholesale,Chennai,South,Vikram Rao,Clinic Plus,Clinic Plus Volumizing Shampoo,CLI700VOL35,Volumizing,700,8,20,40.0,Bottom,Right,True,0,382.92,,False,Standard Shelf,True,Pantene,
AUD00740,2024-01-30,STR6903,More Supermarket,Supermarket,Jaipur,North,Amit Singh,TRESemmé,TRESemmé Charcoal Shampoo,TRE700CHA59,Charcoal,700,1,28,3.57,Top,Center-Left,True,0,322.91,,False,End Cap,True,L'Oréal,
AUD00741,2024-12-17,STR8716,Apollo Pharmacy,Pharmacy,Bangalore,South,Amit Singh,Rejoice,Rejoice Argan Oil Shampoo,REJ400ARG58,Argan Oil,400,6,27,22.22,Top,Right,True,0,207.78,,False,Gondola End,True,TRESemmé,
AUD00742,2024-11-18,STR8696,Daily Needs,Convenience,Ahmedabad,West,Rahul Verma,Rejoice,Rejoice Repair & Care Shampoo,REJ1000REP54,Repair & Care,1000,5,37,13.51,Eye Level,Center-Right,True,0,317.13,289.95,True,Gondola End,False,Clinic Plus,
AUD00743,2024-05-09,STR8085,Spencer's,Supermarket,Bangalore,South,Suresh Kumar,L'Oréal,L'Oréal Smoothing Shampoo,L'O700SMO79,Smoothing,700,5,39,12.82,Eye Level,Center,True,0,103.38,82.76,True,Gondola End,False,Head & Shoulders,
AUD00744,2024-07-21,STR1500,WholesaleMart,Wholesale,Delhi,North,Priya Sharma,Head & Shoulders,Head & Shoulders Anti-Dandruff Shampoo,HEA500ANT59,Anti-Dandruff,500,5,57,8.77,Top,Right,True,0,340.15,,False,End Cap,True,Garnier,
AUD00745,2024-09-23,STR3109,WholesaleMart,Wholesale,Bangalore,South,Vikram Rao,L'Oréal,L'Oréal Repair & Care Shampoo,L'O1000REP34,Repair & Care,1000,6,59,10.17,Bottom,Center-Right,False,5,291.03,,False,Standard Shelf,True,Herbal Essences,
AUD00746,2024-02-11,STR4965,Wellness Forever,Pharmacy,Ahmedabad,West,Amit Singh,Head & Shoulders,Head & Shoulders Color Protect Shampoo,HEA1000COL87,Color Protect,1000,6,36,16.67,Eye Level,Center-Left,True,0,414.93,,False,Standard Shelf,False,Pantene,
AUD00747,2024-03-17,STR9999,D-Mart,Hypermarket,Surat,West,Divya Nair,Rejoice,Rejoice Repair & Care Shampoo,REJ500REP87,Repair & Care,500,4,48,8.33,Mid,Center-Left,True,0,486.53,433.43,True,Free Standing Display,True,Head & Shoulders,
AUD00748,2024-07-10,STR6778,Costco India,Wholesale,Surat,West,Priya Sharma,Garnier,Garnier Color Protect Shampoo,GAR1000COL50,Color Protect,1000,8,22,36.36,Eye Level,Center-Left,True,0,584.24,,False,Standard Shelf,True,Herbal Essences,
AUD00749,2024-12-09,STR6095,WholesaleMart,Wholesale,Jaipur,North,Divya Nair,Garnier,Garnier Strengthening Shampoo,GAR400STR46,Strengthening,400,2,51,3.92,Mid,Left,True,0,382.33,,False,Standard Shelf,False,Sunsilk,
AUD00750,2024-07-26,STR4483,Booker,Wholesale,Ahmedabad,West,Rahul Verma,Pantene,Pantene Repair & Care Shampoo,PAN340REP57,Repair & Care,340,7,59,11.86,Eye Level,Left,True,0,506.33,,False,End Cap,True,Dove,
AUD00751,2024-04-10,STR4132,7-Eleven,Convenience,Delhi,North,Divya Nair,Pantene,Pantene Charcoal Shampoo,PAN200CHA34,Charcoal,200,4,50,8.0,Eye Level,Left,True,0,84.17,,False,Clip Strip,True,TRESemmé,
AUD00752,2024-09-05,STR5376,In & Out,Convenience,Kolkata,East,Suresh Kumar,TRESemmé,TRESemmé Moisturizing Shampoo,TRE500MOI89,Moisturizing,500,3,55,5.45,Eye Level,Center-Left,True,0,636.45,,False,Standard Shelf,False,Pantene,
AUD00753,2024-12-04,STR8355,More Supermarket,Supermarket,Pune,West,Vikram Rao,Herbal Essences,Herbal Essences Smoothing Shampoo,HER400SMO54,Smoothing,400,5,33,15.15,Eye Level,Left,True,0,144.81,118.93,True,Free Standing Display,False,Dove,
AUD00754,2024-10-02,STR6583,Nature's Basket,Supermarket,Ahmedabad,West,Neha Gupta,Herbal Essences,Herbal Essences Moisturizing Shampoo,HER700MOI90,Moisturizing,700,2,23,8.7,Eye Level,Center-Right,True,0,337.68,310.87,True,Standard Shelf,True,Dove,
AUD00755,2024-04-06,STR2210,More Supermarket,Supermarket,Mumbai,West,Neha Gupta,Clinic Plus,Clinic Plus Repair & Care Shampoo,CLI500REP22,Repair & Care,500,1,53,1.89,Bottom,Center,True,0,432.42,,False,Standard Shelf,True,Pantene,
AUD00756,2024-02-08,STR2578,Apollo Pharmacy,Pharmacy,Mumbai,West,Anita Patel,TRESemmé,TRESemmé Argan Oil Shampoo,TRE340ARG71,Argan Oil,340,4,20,20.0,Mid,Left,False,14,547.95,,False,Standard Shelf,True,Herbal Essences,
AUD00757,2024-05-25,STR4628,In & Out,Convenience,Delhi,North,Priya Sharma,Clinic Plus,Clinic Plus Moisturizing Shampoo,CLI400MOI55,Moisturizing,400,4,53,7.55,Bottom,Center-Left,True,0,320.9,,False,Clip Strip,True,Pantene,
AUD00758,2024-03-12,STR9533,Costco India,Wholesale,Bangalore,South,Priya Sharma,Garnier,Garnier Color Protect Shampoo,GAR200COL18,Color Protect,200,1,49,2.04,Top,Center,True,0,417.96,,False,Standard Shelf,True,Dove,
AUD00759,2024-04-16,STR4742,Metro Cash & Carry,Wholesale,Ahmedabad,West,Vikram Rao,Clinic Plus,Clinic Plus Volumizing Shampoo,CLI700VOL33,Volumizing,700,3,52,5.77,Mid,Left,True,0,469.56,,False,End Cap,True,Pantene,
AUD00760,2024-12-17,STR2677,Booker,Wholesale,Surat,West,Suresh Kumar,Sunsilk,Sunsilk Keratin Shampoo,SUN340KER94,Keratin,340,2,50,4.0,Eye Level,Center-Left,True,0,517.1,436.55,True,Free Standing Display,True,Pantene,
AUD00761,2024-09-23,STR5735,QuickMart,Convenience,Pune,West,Amit Singh,TRESemmé,TRESemmé Argan Oil Shampoo,TRE340ARG31,Argan Oil,340,6,32,18.75,Top,Center-Left,True,0,565.64,,False,Gondola End,True,Head & Shoulders,
AUD00762,2024-11-27,STR6497,WholesaleMart,Wholesale,Bangalore,South,Anita Patel,Dove,Dove Argan Oil Shampoo,DOV400ARG53,Argan Oil,400,4,33,12.12,Top,Center-Left,True,0,293.46,,False,Standard Shelf,True,Clinic Plus,
AUD00763,2024-09-08,STR2199,Metro Cash & Carry,Wholesale,Ahmedabad,West,Anita Patel,Sunsilk,Sunsilk Volumizing Shampoo,SUN1000VOL11,Volumizing,1000,4,54,7.41,Mid,Center-Right,False,7,568.61,498.04,True,Free Standing Display,True,L'Oréal,
AUD00764,2024-05-12,STR7365,Costco India,Wholesale,Delhi,North,Neha Gupta,Rejoice,Rejoice Argan Oil Shampoo,REJ340ARG86,Argan Oil,340,5,32,15.62,Top,Right,True,0,560.27,514.06,True,Standard Shelf,True,Herbal Essences,
AUD00765,2024-06-19,STR2904,Daily Needs,Convenience,Jaipur,North,Rahul Verma,TRESemmé,TRESemmé Anti-Dandruff Shampoo,TRE1000ANT95,Anti-Dandruff,1000,8,56,14.29,Mid,Center-Left,True,0,233.81,,False,Standard Shelf,True,L'Oréal,
AUD00766,2024-08-11,STR7601,More Supermarket,Supermarket,Kolkata,East,Suresh Kumar,Head & Shoulders,Head & Shoulders Keratin Shampoo,HEA1000KER39,Keratin,1000,7,36,19.44,Top,Center-Left,True,0,318.91,,False,End Cap,True,Herbal Essences,
AUD00767,2024-02-15,STR2828,More Supermarket,Supermarket,Mumbai,West,Rahul Verma,Dove,Dove Anti-Dandruff Shampoo,DOV500ANT31,Anti-Dandruff,500,7,52,13.46,Mid,Center,True,0,496.05,,False,Gondola End,True,TRESemmé,
AUD00768,2024-04-21,STR1464,Metro Cash & Carry,Wholesale,Bangalore,South,Rahul Verma,Head & Shoulders,Head & Shoulders Color Protect Shampoo,HEA200COL34,Color Protect,200,4,60,6.67,Bottom,Center-Left,True,0,229.52,,False,End Cap,True,Pantene,
AUD00769,2024-08-20,STR9336,QuickMart,Convenience,Delhi,North,Amit Singh,L'Oréal,L'Oréal Smoothing Shampoo,L'O700SMO43,Smoothing,700,7,51,13.73,Mid,Center-Right,True,0,169.07,,False,Standard Shelf,False,Rejoice,
AUD00770,2024-09-13,STR4634,Costco India,Wholesale,Bangalore,South,Suresh Kumar,Herbal Essences,Herbal Essences Color Protect Shampoo,HER700COL63,Color Protect,700,6,44,13.64,Eye Level,Left,True,0,447.04,,False,Standard Shelf,True,Garnier,
AUD00771,2024-03-17,STR7985,Nature's Basket,Supermarket,Bangalore,South,Priya Sharma,TRESemmé,TRESemmé Argan Oil Shampoo,TRE1000ARG13,Argan Oil,1000,2,53,3.77,Top,Left,True,0,545.4,,False,Free Standing Display,False,Pantene,
AUD00772,2024-04-14,STR7443,In & Out,Convenience,Hyderabad,South,Anita Patel,Herbal Essences,Herbal Essences Argan Oil Shampoo,HER400ARG51,Argan Oil,400,7,33,21.21,Bottom,Center,True,0,520.26,,False,Gondola End,True,Head & Shoulders,
AUD00773,2024-09-21,STR2247,7-Eleven,Convenience,Chennai,South,Vikram Rao,L'Oréal,L'Oréal Volumizing Shampoo,L'O200VOL18,Volumizing,200,6,29,20.69,Bottom,Center-Left,True,0,359.38,,False,Free Standing Display,False,Head & Shoulders,
AUD00774,2024-09-24,STR5159,Booker,Wholesale,Delhi,North,Neha Gupta,TRESemmé,TRESemmé Color Protect Shampoo,TRE340COL84,Color Protect,340,4,48,8.33,Mid,Right,False,5,144.82,,False,Clip Strip,False,Garnier,
AUD00775,2024-08-30,STR1450,In & Out,Convenience,Jaipur,North,Neha Gupta,Dove,Dove Keratin Shampoo,DOV340KER11,Keratin,340,4,47,8.51,Eye Level,Left,True,0,498.21,,False,End Cap,False,TRESemmé,
AUD00776,2024-10-08,STR2583,Costco India,Wholesale,Kolkata,East,Vikram Rao,Pantene,Pantene Argan Oil Shampoo,PAN1000ARG61,Argan Oil,1000,4,20,20.0,Eye Level,Right,False,8,416.81,367.99,True,End Cap,False,Clinic Plus,
AUD00777,2024-08-25,STR8520,Metro Cash & Carry,Wholesale,Hyderabad,South,Suresh Kumar,L'Oréal,L'Oréal Smoothing Shampoo,L'O700SMO95,Smoothing,700,5,52,9.62,Bottom,Right,True,0,182.55,,False,Gondola End,False,Dove,
AUD00778,2024-11-06,STR6245,Wellness Forever,Pharmacy,Jaipur,North,Vikram Rao,TRESemmé,TRESemmé Keratin Shampoo,TRE1000KER47,Keratin,1000,1,49,2.04,Top,Center-Right,True,0,619.33,588.17,True,Standard Shelf,True,Clinic Plus,
AUD00779,2024-01-22,STR7472,Metro Cash & Carry,Wholesale,Delhi,North,Neha Gupta,TRESemmé,TRESemmé Keratin Shampoo,TRE340KER35,Keratin,340,1,20,5.0,Mid,Center-Right,False,10,172.31,,False,Gondola End,True,Garnier,
AUD00780,2024-05-28,STR1516,7-Eleven,Convenience,Surat,West,Neha Gupta,Dove,Dove Strengthening Shampoo,DOV1000STR24,Strengthening,1000,5,41,12.2,Mid,Center-Right,True,0,451.66,,False,Standard Shelf,True,Head & Shoulders,
AUD00781,2024-09-16,STR8092,Metro Cash & Carry,Wholesale,Ahmedabad,West,Divya Nair,TRESemmé,TRESemmé Moisturizing Shampoo,TRE400MOI71,Moisturizing,400,7,40,17.5,Bottom,Left,True,0,303.75,286.89,True,Standard Shelf,True,Herbal Essences,
AUD00782,2024-04-05,STR8450,Spencer's,Supermarket,Hyderabad,South,Vikram Rao,Head & Shoulders,Head & Shoulders Anti-Dandruff Shampoo,HEA1000ANT63,Anti-Dandruff,1000,1,55,1.82,Eye Level,Left,True,0,89.14,,False,Standard Shelf,True,Clinic Plus,
AUD00783,2024-02-05,STR7454,BigBazaar,Hypermarket,Jaipur,North,Anita Patel,Garnier,Garnier Strengthening Shampoo,GAR400STR91,Strengthening,400,1,44,2.27,Bottom,Center,True,0,480.41,427.15,True,Free Standing Display,True,Herbal Essences,
AUD00784,2024-01-04,STR3211,Frank Ross,Pharmacy,Delhi,North,Rahul Verma,Dove,Dove Strengthening Shampoo,DOV200STR66,Strengthening,200,8,38,21.05,Mid,Left,True,0,583.48,,False,End Cap,True,Pantene,
AUD00785,2024-05-08,STR2902,HyperCity,Hypermarket,Bangalore,South,Rahul Verma,Garnier,Garnier Argan Oil Shampoo,GAR400ARG41,Argan Oil,400,1,32,3.12,Eye Level,Left,True,0,383.01,328.77,True,Free Standing Display,False,TRESemmé,
AUD00786,2024-11-19,STR5784,QuickMart,Convenience,Kolkata,East,Suresh Kumar,Pantene,Pantene Moisturizing Shampoo,PAN340MOI17,Moisturizing,340,2,37,5.41,Mid,Center,True,0,632.82,585.59,True,Free Standing Display,True,Dove,
AUD00787,2024-01-09,STR2716,QuickMart,Convenience,Kolkata,East,Rahul Verma,Head & Shoulders,Head & Shoulders Smoothing Shampoo,HEA340SMO75,Smoothing,340,7,24,29.17,Bottom,Center-Right,True,0,341.56,,False,Clip Strip,False,Sunsilk,
AUD00788,2024-10-05,STR9868,Spencer's,Supermarket,Hyderabad,South,Anita Patel,Herbal Essences,Herbal Essences Volumizing Shampoo,HER400VOL95,Volumizing,400,4,39,10.26,Bottom,Center,True,0,634.99,,False,End Cap,True,Head & Shoulders,
AUD00789,2024-12-06,STR3985,Reliance Fresh Extra,Hypermarket,Jaipur,North,Vikram Rao,Pantene,Pantene Volumizing Shampoo,PAN200VOL21,Volumizing,200,4,22,18.18,Bottom,Center,False,12,382.92,,False,Free Standing Display,False,Sunsilk,
AUD00790,2024-01-24,STR9130,Apollo Pharmacy,Pharmacy,Delhi,North,Anita Patel,Rejoice,Rejoice Charcoal Shampoo,REJ1000CHA43,Charcoal,1000,5,46,10.87,Top,Right,True,0,352.18,307.87,True,Clip Strip,True,TRESemmé,
AUD00791,2024-09-08,STR3308,Reliance Fresh Extra,Hypermarket,Hyderabad,South,Suresh Kumar,Rejoice,Rejoice Argan Oil Shampoo,REJ1000ARG69,Argan Oil,1000,7,25,28.0,Bottom,Center-Left,True,0,112.96,,False,Standard Shelf,True,Garnier,
AUD00792,2024-01-07,STR7488,Reliance Fresh,Supermarket,Mumbai,West,Priya Sharma,Head & Shoulders,Head & Shoulders Anti-Dandruff Shampoo,HEA500ANT93,Anti-Dandruff,500,2,33,6.06,Eye Level,Left,True,0,360.02,,False,Clip Strip,True,Herbal Essences,
AUD00793,2024-01-12,STR6853,Wellness Forever,Pharmacy,Ahmedabad,West,Divya Nair,Dove,Dove Volumizing Shampoo,DOV400VOL77,Volumizing,400,1,29,3.45,Top,Left,True,0,422.68,,False,Standard Shelf,True,TRESemmé,
AUD00794,2024-12-30,STR7311,HyperCity,Hypermarket,Jaipur,North,Vikram Rao,Clinic Plus,Clinic Plus Anti-Dandruff Shampoo,CLI700ANT31,Anti-Dandruff,700,4,41,9.76,Top,Center-Right,True,0,402.33,347.34,True,Gondola End,True,L'Oréal,
AUD00795,2024-03-11,STR3940,WholesaleMart,Wholesale,Pune,West,Neha Gupta,L'Oréal,L'Oréal Keratin Shampoo,L'O1000KER75,Keratin,1000,4,58,6.9,Top,Center-Right,True,0,549.43,,False,End Cap,True,Garnier,
AUD00796,2024-05-07,STR5661,BigBazaar,Hypermarket,Chennai,South,Amit Singh,Clinic Plus,Clinic Plus Argan Oil Shampoo,CLI340ARG29,Argan Oil,340,4,44,9.09,Top,Center,True,0,468.7,,False,Standard Shelf,False,Dove,
AUD00797,2024-02-08,STR5365,Costco India,Wholesale,Jaipur,North,Suresh Kumar,Dove,Dove Keratin Shampoo,DOV1000KER39,Keratin,1000,3,56,5.36,Top,Center,True,0,346.46,,False,Gondola End,False,L'Oréal,
AUD00798,2024-10-21,STR2812,HyperCity,Hypermarket,Pune,West,Amit Singh,Pantene,Pantene Keratin Shampoo,PAN700KER36,Keratin,700,6,29,20.69,Mid,Center,True,0,177.33,,False,Standard Shelf,False,Clinic Plus,
AUD00799,2024-08-17,STR4229,7-Eleven,Convenience,Surat,West,Amit Singh,TRESemmé,TRESemmé Moisturizing Shampoo,TRE500MOI53,Moisturizing,500,5,28,17.86,Mid,Center,True,0,540.69,,False,Standard Shelf,True,Dove,
AUD00800,2024-12-25,STR7590,Reliance Fresh,Supermarket,Kolkata,East,Neha Gupta,Herbal Essences,Herbal Essences Charcoal Shampoo,HER340CHA61,Charcoal,340,4,42,9.52,Mid,Center-Left,True,0,604.33,,False,End Cap,False,Dove,
AUD00801,2024-07-15,STR8820,Spencer's,Supermarket,Pune,West,Suresh Kumar,Head & Shoulders,Head & Shoulders Charcoal Shampoo,HEA700CHA97,Charcoal,700,6,27,22.22,Eye Level,Center-Right,True,0,485.91,,False,Gondola End,True,Pantene,
AUD00802,2024-02-05,STR5822,MedPlus,Pharmacy,Pune,West,Rahul Verma,Pantene,Pantene Volumizing Shampoo,PAN1000VOL78,Volumizing,1000,3,31,9.68,Eye Level,Center,True,0,450.4,,False,Gondola End,False,Clinic Plus,
AUD00803,2024-09-28,STR9010,Frank Ross,Pharmacy,Bangalore,South,Rahul Verma,Head & Shoulders,Head & Shoulders Color Protect Shampoo,HEA340COL21,Color Protect,340,7,54,12.96,Top,Center-Left,True,0,450.59,,False,Free Standing Display,True,Herbal Essences,
AUD00804,2024-10-17,STR6150,Spencer's,Supermarket,Mumbai,West,Suresh Kumar,Pantene,Pantene Anti-Dandruff Shampoo,PAN340ANT55,Anti-Dandruff,340,7,36,19.44,Eye Level,Right,True,0,275.92,,False,Free Standing Display,True,Clinic Plus,
AUD00805,2024-04-04,STR4059,Booker,Wholesale,Ahmedabad,West,Amit Singh,Pantene,Pantene Keratin Shampoo,PAN500KER27,Keratin,500,3,59,5.08,Eye Level,Center-Right,True,0,592.26,,False,Standard Shelf,True,Clinic Plus,
AUD00806,2024-09-27,STR3012,Apollo Pharmacy,Pharmacy,Jaipur,North,Neha Gupta,Garnier,Garnier Smoothing Shampoo,GAR340SMO99,Smoothing,340,3,57,5.26,Top,Center-Right,True,0,530.11,,False,Free Standing Display,False,Head & Shoulders,
AUD00807,2024-10-28,STR8345,7-Eleven,Convenience,Kolkata,East,Neha Gupta,Garnier,Garnier Keratin Shampoo,GAR1000KER14,Keratin,1000,1,49,2.04,Eye Level,Center,True,0,480.28,,False,Standard Shelf,False,TRESemmé,
AUD00808,2024-04-26,STR6129,Metro Cash & Carry,Wholesale,Hyderabad,South,Amit Singh,Sunsilk,Sunsilk Keratin Shampoo,SUN500KER29,Keratin,500,5,44,11.36,Eye Level,Center-Left,True,0,329.35,,False,Clip Strip,True,Garnier,
AUD00809,2024-01-15,STR2175,Daily Needs,Convenience,Hyderabad,South,Amit Singh,Rejoice,Rejoice Argan Oil Shampoo,REJ200ARG49,Argan Oil,200,6,22,27.27,Eye Level,Right,True,0,178.44,,False,Free Standing Display,True,Head & Shoulders,
AUD00810,2024-10-05,STR1563,MedPlus,Pharmacy,Hyderabad,South,Anita Patel,Dove,Dove Charcoal Shampoo,DOV700CHA93,Charcoal,700,4,46,8.7,Top,Left,True,0,270.29,,False,Free Standing Display,True,Pantene,
AUD00811,2024-09-18,STR7640,Reliance Fresh,Supermarket,Hyderabad,South,Amit Singh,TRESemmé,TRESemmé Moisturizing Shampoo,TRE340MOI31,Moisturizing,340,5,33,15.15,Bottom,Left,True,0,160.24,,False,Standard Shelf,True,Dove,
AUD00812,2024-08-15,STR3146,Frank Ross,Pharmacy,Chennai,South,Divya Nair,L'Oréal,L'Oréal Smoothing Shampoo,L'O340SMO43,Smoothing,340,6,47,12.77,Bottom,Center,True,0,413.0,,False,Standard Shelf,True,Rejoice,
AUD00813,2024-10-29,STR5168,In & Out,Convenience,Mumbai,West,Anita Patel,Garnier,Garnier Charcoal Shampoo,GAR500CHA92,Charcoal,500,7,25,28.0,Eye Level,Right,False,5,181.07,,False,Standard Shelf,False,Pantene,
AUD00814,2024-10-16,STR4407,Booker,Wholesale,Surat,West,Rahul Verma,L'Oréal,L'Oréal Repair & Care Shampoo,L'O1000REP86,Repair & Care,1000,7,54,12.96,Eye Level,Center,True,0,453.37,395.62,True,End Cap,True,Garnier,
AUD00815,2024-09-11,STR9534,MedPlus,Pharmacy,Surat,West,Rahul Verma,Head & Shoulders,Head & Shoulders Anti-Dandruff Shampoo,HEA400ANT96,Anti-Dandruff,400,3,33,9.09,Bottom,Center-Left,True,0,643.99,,False,Standard Shelf,True,TRESemmé,
AUD00816,2024-07-03,STR8250,Nature's Basket,Supermarket,Pune,West,Anita Patel,Herbal Essences,Herbal Essences Repair & Care Shampoo,HER340REP23,Repair & Care,340,5,21,23.81,Eye Level,Center-Right,True,0,350.69,,False,Standard Shelf,True,L'Oréal,
AUD00817,2024-01-21,STR9126,Apollo Pharmacy,Pharmacy,Bangalore,South,Amit Singh,Sunsilk,Sunsilk Color Protect Shampoo,SUN700COL29,Color Protect,700,3,38,7.89,Mid,Center-Right,True,0,542.4,,False,End Cap,True,Rejoice,
AUD00818,2024-02-11,STR5490,Daily Needs,Convenience,Bangalore,South,Neha Gupta,Head & Shoulders,Head & Shoulders Moisturizing Shampoo,HEA500MOI98,Moisturizing,500,4,58,6.9,Eye Level,Center,True,0,227.97,198.65,True,Free Standing Display,True,TRESemmé,
AUD00819,2024-07-04,STR2732,Booker,Wholesale,Jaipur,North,Vikram Rao,Herbal Essences,Herbal Essences Keratin Shampoo,HER400KER48,Keratin,400,1,48,2.08,Bottom,Center-Right,True,0,294.88,,False,Free Standing Display,True,Dove,
AUD00820,2024-03-27,STR5375,Booker,Wholesale,Jaipur,North,Rahul Verma,Head & Shoulders,Head & Shoulders Volumizing Shampoo,HEA500VOL31,Volumizing,500,4,42,9.52,Mid,Center,True,0,242.87,,False,End Cap,True,Dove,
AUD00821,2024-11-21,STR4867,Costco India,Wholesale,Jaipur,North,Rahul Verma,Clinic Plus,Clinic Plus Keratin Shampoo,CLI340KER74,Keratin,340,5,48,10.42,Eye Level,Center-Left,True,0,119.51,,False,Gondola End,True,Herbal Essences,
AUD00822,2024-01-10,STR3283,Reliance Fresh Extra,Hypermarket,Jaipur,North,Vikram Rao,Head & Shoulders,Head & Shoulders Smoothing Shampoo,HEA200SMO52,Smoothing,200,3,22,13.64,Top,Center-Right,True,0,607.57,506.9,True,Free Standing Display,True,Garnier,
AUD00823,2024-05-23,STR6276,Frank Ross,Pharmacy,Ahmedabad,West,Neha Gupta,L'Oréal,L'Oréal Charcoal Shampoo,L'O340CHA79,Charcoal,340,2,46,4.35,Bottom,Right,True,0,583.79,,False,Standard Shelf,True,Rejoice,
AUD00824,2024-07-02,STR3457,More Supermarket,Supermarket,Ahmedabad,West,Amit Singh,Pantene,Pantene Repair & Care Shampoo,PAN200REP13,Repair & Care,200,7,34,20.59,Bottom,Center-Right,True,0,554.9,,False,Standard Shelf,False,L'Oréal,
AUD00825,2024-06-09,STR1249,Frank Ross,Pharmacy,Ahmedabad,West,Vikram Rao,Pantene,Pantene Smoothing Shampoo,PAN700SMO64,Smoothing,700,7,31,22.58,Mid,Left,True,0,113.11,,False,Standard Shelf,True,Rejoice,
AUD00826,2024-12-11,STR8174,Reliance Fresh Extra,Hypermarket,Pune,West,Neha Gupta,TRESemmé,TRESemmé Repair & Care Shampoo,TRE700REP65,Repair & Care,700,2,26,7.69,Eye Level,Center,True,0,569.59,,False,End Cap,True,Pantene,
AUD00827,2024-03-12,STR1421,Booker,Wholesale,Ahmedabad,West,Divya Nair,Clinic Plus,Clinic Plus Color Protect Shampoo,CLI700COL77,Color Protect,700,5,55,9.09,Top,Center,True,0,276.28,,False,End Cap,False,L'Oréal,
AUD00828,2024-07-20,STR2506,Wellness Forever,Pharmacy,Ahmedabad,West,Priya Sharma,Dove,Dove Strengthening Shampoo,DOV700STR64,Strengthening,700,7,33,21.21,Mid,Center,True,0,282.95,,False,Standard Shelf,True,TRESemmé,
AUD00829,2024-03-01,STR2123,Booker,Wholesale,Hyderabad,South,Rahul Verma,Herbal Essences,Herbal Essences Strengthening Shampoo,HER340STR97,Strengthening,340,4,32,12.5,Mid,Center-Left,True,0,179.56,,False,End Cap,True,Pantene,
AUD00830,2024-08-17,STR8059,Wellness Forever,Pharmacy,Kolkata,East,Amit Singh,Head & Shoulders,Head & Shoulders Moisturizing Shampoo,HEA1000MOI51,Moisturizing,1000,4,55,7.27,Eye Level,Left,True,0,431.39,389.33,True,Clip Strip,True,Garnier,
AUD00831,2024-05-05,STR4127,D-Mart,Hypermarket,Ahmedabad,West,Anita Patel,Herbal Essences,Herbal Essences Volumizing Shampoo,HER700VOL16,Volumizing,700,6,25,24.0,Eye Level,Center,True,0,466.07,,False,Gondola End,True,Sunsilk,
AUD00832,2024-04-10,STR2640,More Supermarket,Supermarket,Hyderabad,South,Divya Nair,Dove,Dove Anti-Dandruff Shampoo,DOV500ANT44,Anti-Dandruff,500,7,57,12.28,Top,Left,True,0,423.09,358.38,True,Standard Shelf,False,Herbal Essences,
AUD00833,2024-06-03,STR2497,QuickMart,Convenience,Pune,West,Vikram Rao,L'Oréal,L'Oréal Repair & Care Shampoo,L'O340REP26,Repair & Care,340,3,39,7.69,Mid,Center-Right,True,0,287.7,,False,Clip Strip,True,TRESemmé,
AUD00834,2024-05-14,STR1255,More Supermarket,Supermarket,Chennai,South,Divya Nair,Head & Shoulders,Head & Shoulders Strengthening Shampoo,HEA700STR56,Strengthening,700,8,30,26.67,Mid,Center-Right,False,11,589.79,,False,Clip Strip,True,TRESemmé,
AUD00835,2024-10-28,STR8467,D-Mart,Hypermarket,Surat,West,Neha Gupta,Rejoice,Rejoice Anti-Dandruff Shampoo,REJ200ANT22,Anti-Dandruff,200,5,49,10.2,Top,Center,True,0,319.27,294.08,True,Standard Shelf,True,Clinic Plus,
AUD00836,2024-11-30,STR1030,WholesaleMart,Wholesale,Bangalore,South,Amit Singh,L'Oréal,L'Oréal Keratin Shampoo,L'O700KER59,Keratin,700,5,29,17.24,Bottom,Center-Left,True,0,539.46,452.9,True,Gondola End,True,Herbal Essences,
AUD00837,2024-11-19,STR4456,Nature's Basket,Supermarket,Hyderabad,South,Vikram Rao,Garnier,Garnier Strengthening Shampoo,GAR400STR60,Strengthening,400,1,54,1.85,Eye Level,Center-Right,True,0,348.6,289.49,True,Free Standing Display,True,L'Oréal,
AUD00838,2024-08-05,STR7316,MedPlus,Pharmacy,Pune,West,Neha Gupta,Dove,Dove Keratin Shampoo,DOV200KER82,Keratin,200,2,54,3.7,Eye Level,Right,True,0,509.41,469.76,True,Standard Shelf,True,Sunsilk,
AUD00839,2024-09-26,STR9392,More Supermarket,Supermarket,Hyderabad,South,Rahul Verma,Herbal Essences,Herbal Essences Keratin Shampoo,HER1000KER91,Keratin,1000,2,38,5.26,Bottom,Right,True,0,401.34,,False,Gondola End,True,Sunsilk,
AUD00840,2024-04-19,STR7383,More Supermarket,Supermarket,Hyderabad,South,Vikram Rao,Herbal Essences,Herbal Essences Smoothing Shampoo,HER1000SMO92,Smoothing,1000,4,20,20.0,Mid,Right,True,0,468.11,378.54,True,Clip Strip,False,Sunsilk,
AUD00841,2024-07-05,STR9191,BigBazaar,Hypermarket,Delhi,North,Divya Nair,Sunsilk,Sunsilk Anti-Dandruff Shampoo,SUN340ANT98,Anti-Dandruff,340,3,33,9.09,Eye Level,Center-Right,True,0,267.71,235.44,True,End Cap,False,Rejoice,
AUD00842,2024-04-29,STR8049,Costco India,Wholesale,Surat,West,Neha Gupta,Head & Shoulders,Head & Shoulders Moisturizing Shampoo,HEA1000MOI73,Moisturizing,1000,2,44,4.55,Top,Center-Right,True,0,295.51,,False,End Cap,True,Sunsilk,
AUD00843,2024-05-19,STR5649,In & Out,Convenience,Kolkata,East,Suresh Kumar,L'Oréal,L'Oréal Volumizing Shampoo,L'O700VOL67,Volumizing,700,8,59,13.56,Bottom,Left,True,0,329.77,,False,End Cap,True,Head & Shoulders,
AUD00844,2024-04-14,STR7944,BigBazaar,Hypermarket,Bangalore,South,Divya Nair,Herbal Essences,Herbal Essences Volumizing Shampoo,HER400VOL47,Volumizing,400,2,52,3.85,Mid,Right,False,1,260.9,,False,Standard Shelf,False,Sunsilk,
AUD00845,2024-10-09,STR7353,Booker,Wholesale,Surat,West,Rahul Verma,Dove,Dove Volumizing Shampoo,DOV340VOL59,Volumizing,340,1,42,2.38,Mid,Center-Right,True,0,339.1,,False,Standard Shelf,True,Sunsilk,
AUD00846,2024-02-10,STR1222,BigBazaar,Hypermarket,Surat,West,Rahul Verma,Dove,Dove Charcoal Shampoo,DOV700CHA75,Charcoal,700,1,29,3.45,Mid,Center,False,1,262.19,245.46,True,End Cap,True,Clinic Plus,
AUD00847,2024-11-10,STR4516,Metro Cash & Carry,Wholesale,Bangalore,South,Vikram Rao,TRESemmé,TRESemmé Charcoal Shampoo,TRE340CHA59,Charcoal,340,4,36,11.11,Bottom,Center,True,0,326.9,,False,Standard Shelf,True,Dove,
AUD00848,2024-08-05,STR5038,7-Eleven,Convenience,Delhi,North,Anita Patel,TRESemmé,TRESemmé Charcoal Shampoo,TRE500CHA50,Charcoal,500,2,36,5.56,Bottom,Center-Right,True,0,637.67,517.65,True,Free Standing Display,True,Dove,
AUD00849,2024-09-10,STR8784,Metro Cash & Carry,Wholesale,Pune,West,Suresh Kumar,Pantene,Pantene Volumizing Shampoo,PAN700VOL37,Volumizing,700,6,22,27.27,Bottom,Left,True,0,527.57,,False,End Cap,True,Dove,
AUD00850,2024-07-17,STR7231,BigBazaar,Hypermarket,Chennai,South,Suresh Kumar,TRESemmé,TRESemmé Anti-Dandruff Shampoo,TRE400ANT18,Anti-Dandruff,400,5,54,9.26,Eye Level,Center,True,0,388.26,327.99,True,Free Standing Display,False,Head & Shoulders,
AUD00851,2024-07-20,STR7198,Costco India,Wholesale,Hyderabad,South,Vikram Rao,Head & Shoulders,Head & Shoulders Charcoal Shampoo,HEA340CHA25,Charcoal,340,4,60,6.67,Bottom,Right,True,0,169.48,,False,End Cap,True,L'Oréal,
AUD00852,2024-07-18,STR7448,Spencer's,Supermarket,Surat,West,Vikram Rao,Garnier,Garnier Repair & Care Shampoo,GAR1000REP63,Repair & Care,1000,4,22,18.18,Mid,Right,True,0,165.38,,False,Standard Shelf,True,Herbal Essences,
AUD00853,2024-09-20,STR8645,Costco India,Wholesale,Ahmedabad,West,Anita Patel,Garnier,Garnier Smoothing Shampoo,GAR200SMO95,Smoothing,200,5,34,14.71,Bottom,Center-Right,True,0,159.6,136.78,True,End Cap,True,TRESemmé,
AUD00854,2024-03-22,STR5960,Spencer's,Supermarket,Mumbai,West,Suresh Kumar,Head & Shoulders,Head & Shoulders Smoothing Shampoo,HEA200SMO17,Smoothing,200,2,36,5.56,Mid,Center-Left,False,12,295.69,266.71,True,Standard Shelf,False,TRESemmé,
AUD00855,2024-12-16,STR3454,BigBazaar,Hypermarket,Bangalore,South,Anita Patel,Head & Shoulders,Head & Shoulders Anti-Dandruff Shampoo,HEA1000ANT80,Anti-Dandruff,1000,5,46,10.87,Bottom,Center,True,0,517.62,,False,Clip Strip,True,TRESemmé,
AUD00856,2024-12-30,STR1241,Reliance Fresh Extra,Hypermarket,Mumbai,West,Suresh Kumar,TRESemmé,TRESemmé Anti-Dandruff Shampoo,TRE400ANT11,Anti-Dandruff,400,4,59,6.78,Bottom,Center-Right,True,0,483.83,443.32,True,Gondola End,True,Garnier,
AUD00857,2024-04-03,STR1656,WholesaleMart,Wholesale,Bangalore,South,Suresh Kumar,TRESemmé,TRESemmé Argan Oil Shampoo,TRE200ARG67,Argan Oil,200,2,40,5.0,Eye Level,Center,True,0,243.92,205.46,True,Standard Shelf,True,Head & Shoulders,
AUD00858,2024-04-26,STR5320,Reliance Fresh Extra,Hypermarket,Mumbai,West,Vikram Rao,Herbal Essences,Herbal Essences Volumizing Shampoo,HER400VOL92,Volumizing,400,2,50,4.0,Top,Left,True,0,118.94,111.74,True,Clip Strip,False,Dove,
AUD00859,2024-09-26,STR2234,Metro Cash & Carry,Wholesale,Chennai,South,Priya Sharma,Clinic Plus,Clinic Plus Repair & Care Shampoo,CLI340REP62,Repair & Care,340,4,47,8.51,Eye Level,Center-Right,True,0,465.92,,False,Standard Shelf,True,Head & Shoulders,
AUD00860,2024-10-26,STR9031,More Supermarket,Supermarket,Hyderabad,South,Vikram Rao,Pantene,Pantene Volumizing Shampoo,PAN700VOL82,Volumizing,700,1,29,3.45,Bottom,Center-Right,True,0,223.73,204.01,True,Free Standing Display,True,Sunsilk,
AUD00861,2024-03-04,STR4228,HyperCity,Hypermarket,Hyderabad,South,Divya Nair,Garnier,Garnier Color Protect Shampoo,GAR340COL74,Color Protect,340,7,38,18.42,Eye Level,Right,True,0,266.61,229.92,True,Standard Shelf,True,Head & Shoulders,
AUD00862,2024-05-01,STR1563,Apollo Pharmacy,Pharmacy,Bangalore,South,Rahul Verma,Dove,Dove Argan Oil Shampoo,DOV1000ARG62,Argan Oil,1000,8,32,25.0,Bottom,Right,True,0,333.64,,False,Clip Strip,False,Herbal Essences,
AUD00863,2024-05-17,STR2372,Wellness Forever,Pharmacy,Kolkata,East,Rahul Verma,Pantene,Pantene Color Protect Shampoo,PAN340COL30,Color Protect,340,3,20,15.0,Eye Level,Center-Right,True,0,210.96,,False,Clip Strip,False,Herbal Essences,
AUD00864,2024-02-09,STR7708,Booker,Wholesale,Surat,West,Neha Gupta,Garnier,Garnier Argan Oil Shampoo,GAR700ARG17,Argan Oil,700,1,23,4.35,Mid,Right,True,0,233.49,,False,Gondola End,True,L'Oréal,
AUD00865,2024-07-30,STR5943,Spencer's,Supermarket,Mumbai,West,Neha Gupta,Herbal Essences,Herbal Essences Charcoal Shampoo,HER400CHA83,Charcoal,400,2,36,5.56,Top,Center-Right,True,0,499.22,,False,Clip Strip,True,Sunsilk,
AUD00866,2024-11-04,STR4339,Wellness Forever,Pharmacy,Jaipur,North,Suresh Kumar,Dove,Dove Strengthening Shampoo,DOV700STR16,Strengthening,700,2,53,3.77,Mid,Center,True,0,86.31,,False,Free Standing Display,False,L'Oréal,
AUD00867,2024-12-12,STR2638,MedPlus,Pharmacy,Surat,West,Amit Singh,Clinic Plus,Clinic Plus Moisturizing Shampoo,CLI340MOI59,Moisturizing,340,8,53,15.09,Bottom,Center-Right,True,0,254.2,,False,End Cap,False,Sunsilk,
AUD00868,2024-02-06,STR7917,Nature's Basket,Supermarket,Kolkata,East,Vikram Rao,Rejoice,Rejoice Anti-Dandruff Shampoo,REJ200ANT67,Anti-Dandruff,200,2,33,6.06,Top,Center-Right,True,0,601.85,,False,Free Standing Display,True,TRESemmé,
AUD00869,2024-07-09,STR2640,More Supermarket,Supermarket,Pune,West,Divya Nair,Dove,Dove Repair & Care Shampoo,DOV400REP24,Repair & Care,400,3,37,8.11,Bottom,Right,False,8,165.89,133.75,True,Free Standing Display,True,Clinic Plus,
AUD00870,2024-09-19,STR8210,QuickMart,Convenience,Surat,West,Suresh Kumar,Pantene,Pantene Anti-Dandruff Shampoo,PAN200ANT94,Anti-Dandruff,200,4,22,18.18,Eye Level,Center-Right,False,13,311.17,,False,End Cap,True,Sunsilk,
AUD00871,2024-01-19,STR9716,Metro Cash & Carry,Wholesale,Jaipur,North,Priya Sharma,Pantene,Pantene Strengthening Shampoo,PAN700STR47,Strengthening,700,6,42,14.29,Mid,Right,True,0,602.3,505.7,True,Free Standing Display,True,TRESemmé,
AUD00872,2024-03-30,STR2768,BigBazaar,Hypermarket,Pune,West,Amit Singh,L'Oréal,L'Oréal Anti-Dandruff Shampoo,L'O1000ANT67,Anti-Dandruff,1000,5,59,8.47,Mid,Right,True,0,367.7,335.24,True,Clip Strip,False,Head & Shoulders,
AUD00873,2024-01-13,STR9734,Spencer's,Supermarket,Ahmedabad,West,Anita Patel,TRESemmé,TRESemmé Moisturizing Shampoo,TRE200MOI70,Moisturizing,200,8,33,24.24,Mid,Center-Right,True,0,464.61,,False,Standard Shelf,False,Dove,
AUD00874,2024-08-19,STR7140,D-Mart,Hypermarket,Surat,West,Divya Nair,Head & Shoulders,Head & Shoulders Volumizing Shampoo,HEA340VOL36,Volumizing,340,2,37,5.41,Mid,Center,True,0,466.11,,False,Standard Shelf,True,Pantene,
AUD00875,2024-02-01,STR1954,Daily Needs,Convenience,Mumbai,West,Rahul Verma,Herbal Essences,Herbal Essences Charcoal Shampoo,HER1000CHA13,Charcoal,1000,8,27,29.63,Mid,Left,True,0,371.14,317.98,True,Standard Shelf,True,Head & Shoulders,
AUD00876,2024-07-10,STR7643,BigBazaar,Hypermarket,Bangalore,South,Neha Gupta,L'Oréal,L'Oréal Color Protect Shampoo,L'O200COL94,Color Protect,200,6,43,13.95,Top,Center-Left,True,0,310.64,294.86,True,Clip Strip,True,Sunsilk,
AUD00877,2024-04-22,STR8500,HyperCity,Hypermarket,Surat,West,Neha Gupta,Sunsilk,Sunsilk Keratin Shampoo,SUN400KER60,Keratin,400,3,33,9.09,Top,Right,True,0,209.76,,False,Gondola End,True,Head & Shoulders,
AUD00878,2024-03-06,STR4057,Frank Ross,Pharmacy,Bangalore,South,Amit Singh,Pantene,Pantene Charcoal Shampoo,PAN340CHA25,Charcoal,340,1,52,1.92,Mid,Right,True,0,489.75,,False,Standard Shelf,False,L'Oréal,
AUD00879,2024-11-03,STR4027,Reliance Fresh Extra,Hypermarket,Mumbai,West,Anita Patel,Dove,Dove Anti-Dandruff Shampoo,DOV200ANT18,Anti-Dandruff,200,1,47,2.13,Top,Center-Right,True,0,371.75,,False,Free Standing Display,True,TRESemmé,
AUD00880,2024-04-28,STR1649,Reliance Fresh,Supermarket,Chennai,South,Anita Patel,Head & Shoulders,Head & Shoulders Color Protect Shampoo,HEA340COL49,Color Protect,340,6,41,14.63,Mid,Left,True,0,566.07,510.77,True,Standard Shelf,False,Rejoice,
AUD00881,2024-01-07,STR7191,Frank Ross,Pharmacy,Ahmedabad,West,Anita Patel,Clinic Plus,Clinic Plus Color Protect Shampoo,CLI500COL64,Color Protect,500,4,56,7.14,Top,Center-Left,True,0,89.9,,False,Free Standing Display,True,Dove,
AUD00882,2024-04-16,STR2678,WholesaleMart,Wholesale,Ahmedabad,West,Suresh Kumar,Herbal Essences,Herbal Essences Color Protect Shampoo,HER340COL12,Color Protect,340,3,20,15.0,Bottom,Center,True,0,426.38,357.19,True,Standard Shelf,True,Sunsilk,
AUD00883,2024-09-18,STR3092,Spencer's,Supermarket,Jaipur,North,Anita Patel,Clinic Plus,Clinic Plus Moisturizing Shampoo,CLI1000MOI60,Moisturizing,1000,8,31,25.81,Mid,Center,True,0,113.79,,False,End Cap,True,L'Oréal,
AUD00884,2024-11-04,STR1549,QuickMart,Convenience,Delhi,North,Divya Nair,Garnier,Garnier Strengthening Shampoo,GAR400STR71,Strengthening,400,7,51,13.73,Top,Center,True,0,215.57,197.22,True,Free Standing Display,True,Rejoice,
AUD00885,2024-07-11,STR2605,MedPlus,Pharmacy,Ahmedabad,West,Priya Sharma,Rejoice,Rejoice Charcoal Shampoo,REJ700CHA34,Charcoal,700,2,27,7.41,Eye Level,Left,True,0,527.24,427.05,True,Standard Shelf,True,Garnier,
AUD00886,2024-05-11,STR4672,D-Mart,Hypermarket,Kolkata,East,Rahul Verma,TRESemmé,TRESemmé Repair & Care Shampoo,TRE700REP42,Repair & Care,700,1,28,3.57,Eye Level,Left,True,0,244.52,,False,Standard Shelf,True,Dove,
AUD00887,2024-08-23,STR5309,Reliance Fresh,Supermarket,Chennai,South,Rahul Verma,Head & Shoulders,Head & Shoulders Keratin Shampoo,HEA1000KER95,Keratin,1000,7,50,14.0,Mid,Center-Left,True,0,623.46,,False,Standard Shelf,True,Pantene,
AUD00888,2024-01-18,STR9423,In & Out,Convenience,Pune,West,Divya Nair,Herbal Essences,Herbal Essences Anti-Dandruff Shampoo,HER200ANT25,Anti-Dandruff,200,5,53,9.43,Top,Center-Right,True,0,529.15,,False,Standard Shelf,True,Clinic Plus,
AUD00889,2024-10-17,STR3714,Daily Needs,Convenience,Ahmedabad,West,Divya Nair,Sunsilk,Sunsilk Keratin Shampoo,SUN700KER26,Keratin,700,6,30,20.0,Top,Left,True,0,104.89,,False,Standard Shelf,True,TRESemmé,
AUD00890,2024-04-05,STR6564,Spencer's,Supermarket,Hyderabad,South,Amit Singh,Pantene,Pantene Volumizing Shampoo,PAN500VOL83,Volumizing,500,5,34,14.71,Eye Level,Right,True,0,360.19,340.49,True,Clip Strip,True,Dove,
AUD00891,2024-05-05,STR2855,Nature's Basket,Supermarket,Bangalore,South,Neha Gupta,Pantene,Pantene Smoothing Shampoo,PAN500SMO12,Smoothing,500,5,30,16.67,Top,Right,True,0,500.02,,False,Standard Shelf,True,Garnier,
AUD00892,2024-03-09,STR2428,Spencer's,Supermarket,Bangalore,South,Rahul Verma,TRESemmé,TRESemmé Charcoal Shampoo,TRE700CHA52,Charcoal,700,1,33,3.03,Mid,Center,True,0,303.72,,False,Clip Strip,True,Sunsilk,
AUD00893,2024-09-15,STR5527,Reliance Fresh,Supermarket,Chennai,South,Anita Patel,Herbal Essences,Herbal Essences Smoothing Shampoo,HER700SMO68,Smoothing,700,6,24,25.0,Eye Level,Center,True,0,566.27,478.92,True,Free Standing Display,True,Dove,
AUD00894,2024-07-10,STR8070,WholesaleMart,Wholesale,Ahmedabad,West,Rahul Verma,Rejoice,Rejoice Keratin Shampoo,REJ200KER48,Keratin,200,2,26,7.69,Top,Center,True,0,208.56,,False,End Cap,False,Clinic Plus,
AUD00895,2024-12-14,STR8960,HyperCity,Hypermarket,Bangalore,South,Amit Singh,Sunsilk,Sunsilk Strengthening Shampoo,SUN400STR95,Strengthening,400,3,50,6.0,Bottom,Left,True,0,484.03,423.67,True,Standard Shelf,True,Head & Shoulders,
AUD00896,2024-01-08,STR2153,Costco India,Wholesale,Chennai,South,Divya Nair,Garnier,Garnier Strengthening Shampoo,GAR400STR97,Strengthening,400,5,56,8.93,Bottom,Left,True,0,409.78,,False,Clip Strip,False,Pantene,
AUD00897,2024-05-23,STR5947,Nature's Basket,Supermarket,Bangalore,South,Divya Nair,Dove,Dove Color Protect Shampoo,DOV400COL26,Color Protect,400,6,44,13.64,Bottom,Right,True,0,216.47,,False,Gondola End,True,Pantene,
AUD00898,2024-07-17,STR1166,WholesaleMart,Wholesale,Jaipur,North,Divya Nair,TRESemmé,TRESemmé Anti-Dandruff Shampoo,TRE700ANT66,Anti-Dandruff,700,1,60,1.67,Top,Center-Right,True,0,265.54,247.28,True,Standard Shelf,True,Herbal Essences,
AUD00899,2024-04-08,STR6956,Reliance Fresh Extra,Hypermarket,Surat,West,Neha Gupta,Herbal Essences,Herbal Essences Volumizing Shampoo,HER200VOL44,Volumizing,200,8,31,25.81,Mid,Left,True,0,440.12,378.45,True,Clip Strip,True,Rejoice,
AUD00900,2024-07-05,STR2506,Daily Needs,Convenience,Mumbai,West,Rahul Verma,Clinic Plus,Clinic Plus Strengthening Shampoo,CLI1000STR42,Strengthening,1000,1,20,5.0,Mid,Center-Left,False,10,563.99,,False,Clip Strip,False,Dove,
AUD00901,2024-12-10,STR8067,MedPlus,Pharmacy,Bangalore,South,Anita Patel,L'Oréal,L'Oréal Argan Oil Shampoo,L'O200ARG17,Argan Oil,200,8,56,14.29,Eye Level,Center,True,0,612.02,,False,Standard Shelf,True,TRESemmé,
AUD00902,2024-06-30,STR4962,D-Mart,Hypermarket,Jaipur,North,Neha Gupta,TRESemmé,TRESemmé Smoothing Shampoo,TRE700SMO32,Smoothing,700,2,38,5.26,Mid,Center,True,0,556.92,,False,Free Standing Display,True,Rejoice,
AUD00903,2024-08-09,STR3904,More Supermarket,Supermarket,Ahmedabad,West,Rahul Verma,Clinic Plus,Clinic Plus Anti-Dandruff Shampoo,CLI700ANT38,Anti-Dandruff,700,2,20,10.0,Top,Center-Left,False,7,112.01,,False,Standard Shelf,True,Dove,
AUD00904,2024-11-27,STR4529,Costco India,Wholesale,Delhi,North,Rahul Verma,Clinic Plus,Clinic Plus Moisturizing Shampoo,CLI1000MOI36,Moisturizing,1000,6,47,12.77,Mid,Right,True,0,306.71,277.01,True,Standard Shelf,True,Herbal Essences,
AUD00905,2024-04-03,STR1747,WholesaleMart,Wholesale,Bangalore,South,Amit Singh,Dove,Dove Moisturizing Shampoo,DOV500MOI31,Moisturizing,500,6,45,13.33,Eye Level,Center-Left,True,0,383.57,,False,Standard Shelf,True,Rejoice,
AUD00906,2024-10-25,STR8636,Reliance Fresh,Supermarket,Pune,West,Divya Nair,Dove,Dove Anti-Dandruff Shampoo,DOV340ANT17,Anti-Dandruff,340,7,30,23.33,Bottom,Right,True,0,273.08,,False,End Cap,True,Garnier,
AUD00907,2024-05-21,STR4175,Metro Cash & Carry,Wholesale,Surat,West,Divya Nair,Garnier,Garnier Anti-Dandruff Shampoo,GAR500ANT92,Anti-Dandruff,500,8,60,13.33,Top,Right,True,0,325.56,,False,Standard Shelf,True,Rejoice,
AUD00908,2024-05-29,STR5017,Booker,Wholesale,Pune,West,Rahul Verma,Rejoice,Rejoice Strengthening Shampoo,REJ1000STR20,Strengthening,1000,7,43,16.28,Eye Level,Center,True,0,101.46,93.41,True,Standard Shelf,False,Dove,
AUD00909,2024-02-02,STR5940,Reliance Fresh Extra,Hypermarket,Mumbai,West,Neha Gupta,L'Oréal,L'Oréal Moisturizing Shampoo,L'O500MOI10,Moisturizing,500,5,48,10.42,Top,Right,True,0,534.97,,False,End Cap,True,TRESemmé,
AUD00910,2024-10-03,STR4884,Spencer's,Supermarket,Delhi,North,Amit Singh,Sunsilk,Sunsilk Color Protect Shampoo,SUN500COL49,Color Protect,500,3,21,14.29,Eye Level,Center,True,0,358.21,,False,Clip Strip,True,Clinic Plus,
AUD00911,2024-01-09,STR4196,HyperCity,Hypermarket,Pune,West,Vikram Rao,L'Oréal,L'Oréal Moisturizing Shampoo,L'O500MOI62,Moisturizing,500,6,60,10.0,Eye Level,Center,True,0,479.59,,False,Gondola End,True,Herbal Essences,
AUD00912,2024-03-10,STR4881,MedPlus,Pharmacy,Pune,West,Neha Gupta,L'Oréal,L'Oréal Repair & Care Shampoo,L'O400REP90,Repair & Care,400,5,54,9.26,Mid,Center-Left,True,0,468.25,,False,Gondola End,False,Rejoice,
AUD00913,2024-01-24,STR3206,Booker,Wholesale,Delhi,North,Vikram Rao,Dove,Dove Charcoal Shampoo,DOV500CHA93,Charcoal,500,6,58,10.34,Top,Center-Right,True,0,87.68,71.19,True,Standard Shelf,True,Sunsilk,
AUD00914,2024-01-02,STR6138,Wellness Forever,Pharmacy,Jaipur,North,Anita Patel,Herbal Essences,Herbal Essences Smoothing Shampoo,HER400SMO94,Smoothing,400,6,55,10.91,Bottom,Center,True,0,407.9,381.2,True,Free Standing Display,True,Sunsilk,
AUD00915,2024-08-06,STR8888,Spencer's,Supermarket,Mumbai,West,Vikram Rao,Herbal Essences,Herbal Essences Argan Oil Shampoo,HER400ARG17,Argan Oil,400,2,27,7.41,Bottom,Center,True,0,565.82,,False,End Cap,True,Sunsilk,
AUD00916,2024-11-01,STR6482,Nature's Basket,Supermarket,Bangalore,South,Suresh Kumar,Rejoice,Rejoice Smoothing Shampoo,REJ700SMO63,Smoothing,700,2,51,3.92,Eye Level,Center,True,0,412.29,,False,Clip Strip,False,L'Oréal,
AUD00917,2024-03-04,STR4242,Apollo Pharmacy,Pharmacy,Mumbai,West,Suresh Kumar,Dove,Dove Anti-Dandruff Shampoo,DOV340ANT41,Anti-Dandruff,340,2,45,4.44,Mid,Center-Left,True,0,648.71,613.74,True,Gondola End,True,Sunsilk,
AUD00918,2024-08-18,STR8055,Apollo Pharmacy,Pharmacy,Surat,West,Divya Nair,Dove,Dove Volumizing Shampoo,DOV400VOL42,Volumizing,400,6,54,11.11,Top,Right,True,0,432.08,406.7,True,Standard Shelf,True,Herbal Essences,
AUD00919,2024-11-16,STR2112,Frank Ross,Pharmacy,Hyderabad,South,Suresh Kumar,Herbal Essences,Herbal Essences Anti-Dandruff Shampoo,HER700ANT34,Anti-Dandruff,700,1,53,1.89,Bottom,Center-Right,False,6,250.42,,False,End Cap,False,Pantene,
AUD00920,2024-05-20,STR2812,Apollo Pharmacy,Pharmacy,Pune,West,Priya Sharma,L'Oréal,L'Oréal Volumizing Shampoo,L'O200VOL67,Volumizing,200,5,40,12.5,Bottom,Right,True,0,374.49,,False,Standard Shelf,True,Dove,
AUD00921,2024-01-29,STR2294,D-Mart,Hypermarket,Chennai,South,Vikram Rao,Garnier,Garnier Argan Oil Shampoo,GAR1000ARG73,Argan Oil,1000,6,37,16.22,Eye Level,Center-Left,True,0,246.97,,False,End Cap,True,Pantene,
AUD00922,2024-11-04,STR8741,Apollo Pharmacy,Pharmacy,Hyderabad,South,Divya Nair,Garnier,Garnier Moisturizing Shampoo,GAR400MOI24,Moisturizing,400,6,44,13.64,Eye Level,Center,True,0,443.58,358.85,True,Standard Shelf,True,Clinic Plus,
AUD00923,2024-05-15,STR3194,Daily Needs,Convenience,Jaipur,North,Priya Sharma,Rejoice,Rejoice Smoothing Shampoo,REJ700SMO20,Smoothing,700,3,39,7.69,Mid,Center,True,0,486.72,,False,Clip Strip,True,L'Oréal,
AUD00924,2024-08-08,STR6351,QuickMart,Convenience,Mumbai,West,Suresh Kumar,Pantene,Pantene Volumizing Shampoo,PAN200VOL97,Volumizing,200,3,47,6.38,Eye Level,Center,True,0,227.66,,False,Gondola End,True,Rejoice,
AUD00925,2024-01-12,STR7415,Spencer's,Supermarket,Hyderabad,South,Anita Patel,TRESemmé,TRESemmé Repair & Care Shampoo,TRE500REP36,Repair & Care,500,1,39,2.56,Top,Center-Left,True,0,156.85,133.0,True,Standard Shelf,False,Rejoice,
AUD00926,2024-09-27,STR8944,Wellness Forever,Pharmacy,Ahmedabad,West,Amit Singh,Garnier,Garnier Volumizing Shampoo,GAR200VOL50,Volumizing,200,7,48,14.58,Eye Level,Right,True,0,207.78,,False,Gondola End,False,L'Oréal,
AUD00927,2024-07-05,STR4675,Booker,Wholesale,Ahmedabad,West,Neha Gupta,Dove,Dove Strengthening Shampoo,DOV1000STR71,Strengthening,1000,7,53,13.21,Mid,Center-Left,True,0,90.04,,False,Gondola End,True,Rejoice,
AUD00928,2024-07-21,STR9157,QuickMart,Convenience,Bangalore,South,Vikram Rao,Dove,Dove Keratin Shampoo,DOV400KER98,Keratin,400,4,60,6.67,Mid,Left,True,0,529.53,,False,End Cap,True,Pantene,
AUD00929,2024-11-22,STR3163,QuickMart,Convenience,Mumbai,West,Amit Singh,Sunsilk,Sunsilk Smoothing Shampoo,SUN700SMO68,Smoothing,700,1,22,4.55,Top,Right,True,0,268.14,,False,Free Standing Display,True,Garnier,
AUD00930,2024-05-01,STR5379,MedPlus,Pharmacy,Chennai,South,Amit Singh,Sunsilk,Sunsilk Anti-Dandruff Shampoo,SUN200ANT88,Anti-Dandruff,200,4,54,7.41,Top,Center,False,13,512.63,,False,Free Standing Display,True,Clinic Plus,
AUD00931,2024-04-11,STR6690,Metro Cash & Carry,Wholesale,Ahmedabad,West,Neha Gupta,Pantene,Pantene Color Protect Shampoo,PAN700COL26,Color Protect,700,3,53,5.66,Bottom,Left,True,0,489.94,,False,End Cap,True,Sunsilk,
AUD00932,2024-08-09,STR2611,Wellness Forever,Pharmacy,Kolkata,East,Amit Singh,L'Oréal,L'Oréal Repair & Care Shampoo,L'O700REP63,Repair & Care,700,4,57,7.02,Bottom,Right,True,0,165.45,153.61,True,End Cap,True,Dove,
AUD00933,2024-11-06,STR4856,Nature's Basket,Supermarket,Bangalore,South,Vikram Rao,Garnier,Garnier Charcoal Shampoo,GAR400CHA48,Charcoal,400,7,35,20.0,Eye Level,Right,False,1,306.5,,False,Clip Strip,False,L'Oréal,
AUD00934,2024-08-05,STR4884,In & Out,Convenience,Jaipur,North,Anita Patel,Clinic Plus,Clinic Plus Smoothing Shampoo,CLI340SMO51,Smoothing,340,7,25,28.0,Top,Right,True,0,315.46,,False,Standard Shelf,False,Garnier,
AUD00935,2024-12-11,STR8722,D-Mart,Hypermarket,Surat,West,Neha Gupta,L'Oréal,L'Oréal Color Protect Shampoo,L'O400COL84,Color Protect,400,1,40,2.5,Mid,Right,True,0,297.27,,False,End Cap,False,Garnier,
AUD00936,2024-10-11,STR5684,More Supermarket,Supermarket,Mumbai,West,Anita Patel,Clinic Plus,Clinic Plus Repair & Care Shampoo,CLI1000REP79,Repair & Care,1000,1,43,2.33,Top,Center-Right,True,0,360.8,305.8,True,End Cap,True,Garnier,
AUD00937,2024-02-05,STR1457,Nature's Basket,Supermarket,Hyderabad,South,Vikram Rao,Sunsilk,Sunsilk Keratin Shampoo,SUN340KER21,Keratin,340,4,35,11.43,Bottom,Left,False,4,378.66,,False,Clip Strip,True,L'Oréal,
AUD00938,2024-06-07,STR8179,In & Out,Convenience,Surat,West,Vikram Rao,Head & Shoulders,Head & Shoulders Keratin Shampoo,HEA340KER66,Keratin,340,5,52,9.62,Top,Center,True,0,409.66,330.21,True,End Cap,False,Clinic Plus,
AUD00939,2024-10-18,STR3530,Spencer's,Supermarket,Mumbai,West,Rahul Verma,Herbal Essences,Herbal Essences Anti-Dandruff Shampoo,HER1000ANT21,Anti-Dandruff,1000,5,43,11.63,Bottom,Left,True,0,633.53,531.19,True,Standard Shelf,False,Sunsilk,
AUD00940,2024-08-24,STR7528,Apollo Pharmacy,Pharmacy,Kolkata,East,Divya Nair,Sunsilk,Sunsilk Argan Oil Shampoo,SUN1000ARG13,Argan Oil,1000,4,49,8.16,Top,Right,True,0,559.14,467.48,True,Standard Shelf,False,TRESemmé,
AUD00941,2024-09-20,STR2556,More Supermarket,Supermarket,Surat,West,Rahul Verma,Head & Shoulders,Head & Shoulders Keratin Shampoo,HEA400KER27,Keratin,400,3,51,5.88,Eye Level,Center,True,0,356.7,,False,Gondola End,False,Sunsilk,
AUD00942,2024-08-15,STR6165,7-Eleven,Convenience,Bangalore,South,Neha Gupta,Rejoice,Rejoice Smoothing Shampoo,REJ700SMO92,Smoothing,700,8,31,25.81,Mid,Center,False,4,119.44,,False,Clip Strip,False,Garnier,
AUD00943,2024-04-26,STR8483,D-Mart,Hypermarket,Ahmedabad,West,Vikram Rao,Sunsilk,Sunsilk Repair & Care Shampoo,SUN500REP72,Repair & Care,500,6,20,30.0,Bottom,Center-Left,True,0,122.65,,False,Standard Shelf,True,Dove,
AUD00944,2024-04-14,STR1992,Booker,Wholesale,Kolkata,East,Vikram Rao,Rejoice,Rejoice Argan Oil Shampoo,REJ200ARG82,Argan Oil,200,2,45,4.44,Bottom,Center-Left,True,0,417.43,,False,Clip Strip,True,Herbal Essences,
AUD00945,2024-11-12,STR3378,Reliance Fresh,Supermarket,Bangalore,South,Suresh Kumar,L'Oréal,L'Oréal Strengthening Shampoo,L'O700STR19,Strengthening,700,3,47,6.38,Eye Level,Right,True,0,643.18,,False,End Cap,False,Pantene,
AUD00946,2024-05-21,STR7071,MedPlus,Pharmacy,Delhi,North,Divya Nair,Dove,Dove Strengthening Shampoo,DOV400STR60,Strengthening,400,8,40,20.0,Eye Level,Center-Right,True,0,401.25,,False,Standard Shelf,True,TRESemmé,
AUD00947,2024-04-07,STR6380,Frank Ross,Pharmacy,Hyderabad,South,Rahul Verma,Sunsilk,Sunsilk Repair & Care Shampoo,SUN340REP76,Repair & Care,340,5,30,16.67,Mid,Center-Left,True,0,344.0,,False,Clip Strip,True,Pantene,
AUD00948,2024-10-04,STR9940,Wellness Forever,Pharmacy,Kolkata,East,Divya Nair,Rejoice,Rejoice Anti-Dandruff Shampoo,REJ700ANT83,Anti-Dandruff,700,5,24,20.83,Top,Center-Right,True,0,268.13,,False,Clip Strip,True,Herbal Essences,
AUD00949,2024-08-16,STR1701,Metro Cash & Carry,Wholesale,Pune,West,Rahul Verma,Dove,Dove Keratin Shampoo,DOV1000KER47,Keratin,1000,3,44,6.82,Mid,Right,True,0,361.51,290.67,True,Standard Shelf,False,Garnier,
AUD00950,2024-07-14,STR3440,MedPlus,Pharmacy,Jaipur,North,Divya Nair,TRESemmé,TRESemmé Color Protect Shampoo,TRE400COL14,Color Protect,400,6,51,11.76,Mid,Center,True,0,530.65,,False,End Cap,True,Head & Shoulders,
AUD00951,2024-09-08,STR7565,Nature's Basket,Supermarket,Bangalore,South,Neha Gupta,Herbal Essences,Herbal Essences Color Protect Shampoo,HER400COL32,Color Protect,400,6,29,20.69,Top,Center-Left,True,0,332.24,284.02,True,Standard Shelf,False,Clinic Plus,
AUD00952,2024-12-29,STR5783,Spencer's,Supermarket,Ahmedabad,West,Priya Sharma,Garnier,Garnier Repair & Care Shampoo,GAR700REP85,Repair & Care,700,4,35,11.43,Bottom,Left,True,0,572.88,,False,Free Standing Display,True,Head & Shoulders,
AUD00953,2024-06-17,STR2696,Booker,Wholesale,Kolkata,East,Priya Sharma,Herbal Essences,Herbal Essences Repair & Care Shampoo,HER700REP49,Repair & Care,700,5,38,13.16,Bottom,Center-Left,True,0,481.29,413.5,True,Free Standing Display,True,L'Oréal,
AUD00954,2024-08-05,STR6375,Costco India,Wholesale,Mumbai,West,Vikram Rao,Pantene,Pantene Keratin Shampoo,PAN340KER46,Keratin,340,3,46,6.52,Bottom,Center-Right,True,0,270.69,,False,Gondola End,False,Herbal Essences,
AUD00955,2024-06-10,STR8406,Booker,Wholesale,Delhi,North,Vikram Rao,L'Oréal,L'Oréal Color Protect Shampoo,L'O1000COL25,Color Protect,1000,7,43,16.28,Bottom,Center,True,0,573.14,,False,Free Standing Display,False,Sunsilk,
AUD00956,2024-06-03,STR2346,In & Out,Convenience,Hyderabad,South,Neha Gupta,TRESemmé,TRESemmé Keratin Shampoo,TRE1000KER29,Keratin,1000,7,25,28.0,Bottom,Center,True,0,579.99,,False,Standard Shelf,False,Dove,
AUD00957,2024-01-13,STR7602,Apollo Pharmacy,Pharmacy,Surat,West,Vikram Rao,Herbal Essences,Herbal Essences Keratin Shampoo,HER400KER28,Keratin,400,1,42,2.38,Top,Left,True,0,529.6,,False,Free Standing Display,True,Garnier,
AUD00958,2024-03-08,STR3849,Reliance Fresh Extra,Hypermarket,Delhi,North,Suresh Kumar,Dove,Dove Keratin Shampoo,DOV200KER77,Keratin,200,3,37,8.11,Mid,Left,False,8,317.41,,False,Standard Shelf,True,Garnier,
AUD00959,2024-11-08,STR9078,Nature's Basket,Supermarket,Bangalore,South,Priya Sharma,Head & Shoulders,Head & Shoulders Anti-Dandruff Shampoo,HEA400ANT99,Anti-Dandruff,400,6,34,17.65,Top,Left,True,0,557.67,,False,Clip Strip,True,Rejoice,
AUD00960,2024-04-19,STR2868,Metro Cash & Carry,Wholesale,Surat,West,Rahul Verma,Rejoice,Rejoice Charcoal Shampoo,REJ1000CHA96,Charcoal,1000,6,60,10.0,Eye Level,Left,True,0,306.4,268.08,True,Standard Shelf,True,Garnier,
AUD00961,2024-03-04,STR8196,BigBazaar,Hypermarket,Kolkata,East,Neha Gupta,Herbal Essences,Herbal Essences Charcoal Shampoo,HER700CHA57,Charcoal,700,5,39,12.82,Eye Level,Center-Right,True,0,432.77,,False,Free Standing Display,True,Sunsilk,
AUD00962,2024-02-09,STR4529,BigBazaar,Hypermarket,Jaipur,North,Neha Gupta,Rejoice,Rejoice Keratin Shampoo,REJ500KER26,Keratin,500,4,26,15.38,Mid,Center-Right,True,0,623.78,,False,End Cap,True,Dove,
AUD00963,2024-09-06,STR5906,Wellness Forever,Pharmacy,Surat,West,Vikram Rao,Rejoice,Rejoice Strengthening Shampoo,REJ1000STR17,Strengthening,1000,6,56,10.71,Eye Level,Right,True,0,456.39,412.18,True,Clip Strip,True,Pantene,
AUD00964,2024-05-15,STR7240,D-Mart,Hypermarket,Hyderabad,South,Suresh Kumar,Sunsilk,Sunsilk Color Protect Shampoo,SUN500COL15,Color Protect,500,4,46,8.7,Bottom,Center,True,0,223.21,191.68,True,Standard Shelf,True,Garnier,
AUD00965,2024-10-11,STR8061,Daily Needs,Convenience,Mumbai,West,Amit Singh,Dove,Dove Volumizing Shampoo,DOV400VOL10,Volumizing,400,5,36,13.89,Top,Center,True,0,222.14,,False,Standard Shelf,True,Head & Shoulders,
AUD00966,2024-02-07,STR1074,Booker,Wholesale,Surat,West,Suresh Kumar,Herbal Essences,Herbal Essences Strengthening Shampoo,HER200STR42,Strengthening,200,3,20,15.0,Eye Level,Left,True,0,494.63,460.6,True,Gondola End,True,Rejoice,
AUD00967,2024-12-03,STR4952,MedPlus,Pharmacy,Chennai,South,Divya Nair,Dove,Dove Color Protect Shampoo,DOV200COL81,Color Protect,200,2,24,8.33,Mid,Right,True,0,217.12,,False,Free Standing Display,False,Pantene,
AUD00968,2024-01-21,STR2045,WholesaleMart,Wholesale,Jaipur,North,Vikram Rao,Pantene,Pantene Repair & Care Shampoo,PAN500REP43,Repair & Care,500,4,52,7.69,Mid,Center-Right,True,0,266.17,,False,Gondola End,True,L'Oréal,
AUD00969,2024-02-12,STR4097,In & Out,Convenience,Mumbai,West,Anita Patel,Head & Shoulders,Head & Shoulders Anti-Dandruff Shampoo,HEA1000ANT56,Anti-Dandruff,1000,8,50,16.0,Eye Level,Center-Left,True,0,96.85,86.85,True,Free Standing Display,True,Dove,
AUD00970,2024-08-26,STR7711,D-Mart,Hypermarket,Bangalore,South,Anita Patel,Pantene,Pantene Volumizing Shampoo,PAN1000VOL23,Volumizing,1000,7,44,15.91,Top,Center,True,0,639.54,,False,End Cap,False,Sunsilk,
AUD00971,2024-10-11,STR2567,7-Eleven,Convenience,Hyderabad,South,Vikram Rao,Head & Shoulders,Head & Shoulders Volumizing Shampoo,HEA200VOL80,Volumizing,200,2,43,4.65,Mid,Right,True,0,591.33,,False,Free Standing Display,True,Herbal Essences,
AUD00972,2024-11-22,STR2108,Frank Ross,Pharmacy,Surat,West,Vikram Rao,Dove,Dove Smoothing Shampoo,DOV700SMO84,Smoothing,700,3,20,15.0,Eye Level,Center,True,0,509.52,,False,Standard Shelf,True,Sunsilk,
AUD00973,2024-05-28,STR2571,Nature's Basket,Supermarket,Hyderabad,South,Suresh Kumar,Rejoice,Rejoice Argan Oil Shampoo,REJ400ARG77,Argan Oil,400,8,34,23.53,Bottom,Center,True,0,236.93,,False,End Cap,True,Pantene,
AUD00974,2024-10-05,STR9461,In & Out,Convenience,Delhi,North,Anita Patel,Garnier,Garnier Keratin Shampoo,GAR500KER32,Keratin,500,7,42,16.67,Bottom,Center,True,0,278.34,,False,End Cap,True,Clinic Plus,
AUD00975,2024-12-17,STR3635,Metro Cash & Carry,Wholesale,Hyderabad,South,Anita Patel,Sunsilk,Sunsilk Argan Oil Shampoo,SUN500ARG98,Argan Oil,500,6,25,24.0,Eye Level,Center,True,0,135.28,,False,Clip Strip,True,Head & Shoulders,
AUD00976,2024-11-15,STR7035,Spencer's,Supermarket,Hyderabad,South,Anita Patel,Herbal Essences,Herbal Essences Color Protect Shampoo,HER200COL34,Color Protect,200,4,23,17.39,Mid,Center-Right,True,0,327.8,276.64,True,Standard Shelf,False,Head & Shoulders,
AUD00977,2024-07-17,STR4801,WholesaleMart,Wholesale,Jaipur,North,Amit Singh,L'Oréal,L'Oréal Strengthening Shampoo,L'O700STR22,Strengthening,700,8,60,13.33,Top,Left,True,0,578.02,,False,Free Standing Display,True,Rejoice,
AUD00978,2024-04-18,STR5290,Metro Cash & Carry,Wholesale,Ahmedabad,West,Priya Sharma,Herbal Essences,Herbal Essences Keratin Shampoo,HER200KER98,Keratin,200,5,57,8.77,Mid,Center,True,0,431.94,,False,Gondola End,False,Rejoice,
AUD00979,2024-04-21,STR7532,More Supermarket,Supermarket,Pune,West,Rahul Verma,L'Oréal,L'Oréal Repair & Care Shampoo,L'O700REP57,Repair & Care,700,2,43,4.65,Top,Left,True,0,312.59,,False,Standard Shelf,True,Garnier,
AUD00980,2024-10-10,STR9526,QuickMart,Convenience,Kolkata,East,Anita Patel,Dove,Dove Keratin Shampoo,DOV1000KER79,Keratin,1000,7,25,28.0,Eye Level,Right,True,0,546.15,516.61,True,Standard Shelf,False,Rejoice,
AUD00981,2024-08-05,STR3058,7-Eleven,Convenience,Pune,West,Priya Sharma,Pantene,Pantene Smoothing Shampoo,PAN200SMO12,Smoothing,200,6,48,12.5,Bottom,Left,True,0,636.7,,False,Free Standing Display,True,Head & Shoulders,
AUD00982,2024-04-22,STR2572,Frank Ross,Pharmacy,Jaipur,North,Rahul Verma,Clinic Plus,Clinic Plus Argan Oil Shampoo,CLI200ARG41,Argan Oil,200,6,44,13.64,Top,Right,True,0,641.59,,False,Standard Shelf,False,L'Oréal,
AUD00983,2024-10-22,STR9778,QuickMart,Convenience,Bangalore,South,Vikram Rao,Herbal Essences,Herbal Essences Charcoal Shampoo,HER700CHA48,Charcoal,700,6,52,11.54,Bottom,Center-Right,True,0,434.92,,False,Gondola End,True,Head & Shoulders,
AUD00984,2024-02-28,STR2947,In & Out,Convenience,Jaipur,North,Vikram Rao,Clinic Plus,Clinic Plus Argan Oil Shampoo,CLI700ARG17,Argan Oil,700,4,44,9.09,Mid,Left,True,0,278.1,,False,End Cap,True,Herbal Essences,
AUD00985,2024-10-28,STR1923,Nature's Basket,Supermarket,Hyderabad,South,Vikram Rao,Garnier,Garnier Repair & Care Shampoo,GAR340REP68,Repair & Care,340,3,37,8.11,Top,Center-Right,True,0,127.26,,False,Standard Shelf,True,Sunsilk,
AUD00986,2024-04-16,STR2792,Frank Ross,Pharmacy,Bangalore,South,Rahul Verma,Garnier,Garnier Charcoal Shampoo,GAR700CHA81,Charcoal,700,5,57,8.77,Mid,Center-Right,True,0,208.02,196.15,True,Gondola End,True,Pantene,
AUD00987,2024-11-02,STR4055,Nature's Basket,Supermarket,Hyderabad,South,Suresh Kumar,Rejoice,Rejoice Moisturizing Shampoo,REJ200MOI83,Moisturizing,200,8,33,24.24,Bottom,Right,True,0,181.47,,False,Standard Shelf,True,Sunsilk,
AUD00988,2024-10-02,STR9510,Metro Cash & Carry,Wholesale,Surat,West,Anita Patel,Clinic Plus,Clinic Plus Repair & Care Shampoo,CLI200REP60,Repair & Care,200,1,23,4.35,Bottom,Left,True,0,303.34,,False,Gondola End,False,Herbal Essences,
AUD00989,2024-01-10,STR7497,Costco India,Wholesale,Hyderabad,South,Rahul Verma,Garnier,Garnier Color Protect Shampoo,GAR340COL57,Color Protect,340,4,40,10.0,Eye Level,Center-Right,True,0,232.46,,False,Gondola End,True,Dove,
AUD00990,2024-12-16,STR8467,Daily Needs,Convenience,Mumbai,West,Priya Sharma,Head & Shoulders,Head & Shoulders Smoothing Shampoo,HEA700SMO91,Smoothing,700,3,35,8.57,Bottom,Left,True,0,203.15,,False,Standard Shelf,True,Garnier,
AUD00991,2024-12-27,STR7849,In & Out,Convenience,Hyderabad,South,Neha Gupta,Sunsilk,Sunsilk Argan Oil Shampoo,SUN700ARG22,Argan Oil,700,6,45,13.33,Bottom,Center-Right,True,0,596.52,531.92,True,Free Standing Display,True,Pantene,
AUD00992,2024-03-05,STR6557,Reliance Fresh,Supermarket,Mumbai,West,Neha Gupta,Herbal Essences,Herbal Essences Anti-Dandruff Shampoo,HER500ANT51,Anti-Dandruff,500,4,55,7.27,Bottom,Right,True,0,647.37,,False,End Cap,True,TRESemmé,
AUD00993,2024-02-14,STR9220,Costco India,Wholesale,Hyderabad,South,Amit Singh,Sunsilk,Sunsilk Keratin Shampoo,SUN500KER82,Keratin,500,8,52,15.38,Mid,Right,True,0,302.36,280.35,True,End Cap,True,Dove,
AUD00994,2024-08-16,STR8867,Costco India,Wholesale,Jaipur,North,Anita Patel,Pantene,Pantene Strengthening Shampoo,PAN400STR48,Strengthening,400,7,60,11.67,Top,Center-Right,True,0,435.33,392.6,True,End Cap,False,TRESemmé,
AUD00995,2024-08-17,STR5024,D-Mart,Hypermarket,Mumbai,West,Amit Singh,L'Oréal,L'Oréal Keratin Shampoo,L'O340KER17,Keratin,340,5,41,12.2,Mid,Right,True,0,416.73,378.13,True,End Cap,True,Sunsilk,
AUD00996,2024-04-23,STR7481,Costco India,Wholesale,Kolkata,East,Priya Sharma,Head & Shoulders,Head & Shoulders Smoothing Shampoo,HEA340SMO87,Smoothing,340,7,53,13.21,Mid,Center,True,0,321.98,302.53,True,End Cap,True,Sunsilk,
AUD00997,2024-10-14,STR7256,Reliance Fresh,Supermarket,Jaipur,North,Amit Singh,TRESemmé,TRESemmé Strengthening Shampoo,TRE700STR99,Strengthening,700,7,28,25.0,Eye Level,Left,True,0,147.69,,False,Standard Shelf,True,Sunsilk,
AUD00998,2024-10-29,STR7550,Daily Needs,Convenience,Chennai,South,Neha Gupta,L'Oréal,L'Oréal Anti-Dandruff Shampoo,L'O700ANT73,Anti-Dandruff,700,1,27,3.7,Eye Level,Right,True,0,184.32,,False,Clip Strip,True,Head & Shoulders,
AUD00999,2024-07-26,STR2272,Spencer's,Supermarket,Mumbai,West,Rahul Verma,L'Oréal,L'Oréal Repair & Care Shampoo,L'O340REP56,Repair & Care,340,4,49,8.16,Top,Center,True,0,220.03,185.53,True,End Cap,True,Rejoice,
AUD01000,2024-12-13,STR1022,Metro Cash & Carry,Wholesale,Hyderabad,South,Suresh Kumar,Herbal Essences,Herbal Essences Smoothing Shampoo,HER500SMO93,Smoothing,500,2,38,5.26,Bottom,Center-Left,True,0,481.85,,False,Standard Shelf,False,Clinic Plus,
